-- phpMyAdmin SQL Dump
-- version 4.9.0.1
-- https://www.phpmyadmin.net/
--
-- Servidor: localhost:3306
-- Tiempo de generación: 22-11-2019 a las 16:06:27
-- Versión del servidor: 10.0.38-MariaDB-cll-lve
-- Versión de PHP: 7.3.6

SET SQL_MODE = "NO_AUTO_VALUE_ON_ZERO";
SET AUTOCOMMIT = 0;
START TRANSACTION;
SET time_zone = "+00:00";


/*!40101 SET @OLD_CHARACTER_SET_CLIENT=@@CHARACTER_SET_CLIENT */;
/*!40101 SET @OLD_CHARACTER_SET_RESULTS=@@CHARACTER_SET_RESULTS */;
/*!40101 SET @OLD_COLLATION_CONNECTION=@@COLLATION_CONNECTION */;
/*!40101 SET NAMES utf8mb4 */;

--
-- Base de datos: `camiloce_eventox`
--

-- --------------------------------------------------------

--
-- Estructura de tabla para la tabla `admin_eventos`
--

CREATE TABLE `admin_eventos` (
  `id` int(11) NOT NULL,
  `evento_id` int(11) NOT NULL,
  `usuario_id` int(11) NOT NULL
) ENGINE=InnoDB DEFAULT CHARSET=utf8 COLLATE=utf8_spanish2_ci;

--
-- Volcado de datos para la tabla `admin_eventos`
--

INSERT INTO `admin_eventos` (`id`, `evento_id`, `usuario_id`) VALUES
(1, 1, 54);

-- --------------------------------------------------------

--
-- Estructura de tabla para la tabla `archivos`
--

CREATE TABLE `archivos` (
  `id` int(11) NOT NULL,
  `nombre` varchar(255) COLLATE utf8_spanish2_ci NOT NULL,
  `ruta` varchar(255) COLLATE utf8_spanish2_ci NOT NULL,
  `fecha_creacion` datetime NOT NULL DEFAULT CURRENT_TIMESTAMP
) ENGINE=InnoDB DEFAULT CHARSET=utf8 COLLATE=utf8_spanish2_ci;

--
-- Volcado de datos para la tabla `archivos`
--

INSERT INTO `archivos` (`id`, `nombre`, `ruta`, `fecha_creacion`) VALUES
(1, '1559027444', '0', '2019-05-28 07:10:44'),
(2, '1559027528', '0', '2019-05-28 07:12:08'),
(3, '1559027612-portada.pdf', '/files/1559027612-portada.pdf', '2019-05-28 07:13:32'),
(4, '1559027735-portada.pdf', '/files/1559027735-portada.pdf', '2019-05-28 07:15:35'),
(5, '1559028190-portada.pdf', '/files/1559028190-portada.pdf', '2019-05-28 07:23:10'),
(6, '1559028515-portada.pdf', '/files/1559028515-portada.pdf', '2019-05-28 07:28:35'),
(7, '1559028720-portada.pdf', '/files/1559028720-portada.pdf', '2019-05-28 07:32:00'),
(8, '1559028854-portada.pdf', '/files/1559028854-portada.pdf', '2019-05-28 07:34:14'),
(9, '1559074056-SOPORTE DE PAGO INSCRIPCION WILMAR BLANDON.pdf', '/files/1559074056-SOPORTE DE PAGO INSCRIPCION WILMAR BLANDON.pdf', '2019-05-28 08:07:36'),
(10, '1559074571-SOPORTE DE PAGO INSCRIPCION ADRIANA ISABEL GARCIA T.pdf', '/files/1559074571-SOPORTE DE PAGO INSCRIPCION ADRIANA ISABEL GARCIA T.pdf', '2019-05-28 08:16:11'),
(11, '1559074818-SOPORTE DE PAGO INSCRIPCION ADRIANA ISABEL GARCIA T.pdf', '/files/1559074818-SOPORTE DE PAGO INSCRIPCION ADRIANA ISABEL GARCIA T.pdf', '2019-05-28 08:20:18'),
(12, '1559074870-SOPORTE DE PAGO INSCRIPCION ADRIANA ISABEL GARCIA T.pdf', '/files/1559074870-SOPORTE DE PAGO INSCRIPCION ADRIANA ISABEL GARCIA T.pdf', '2019-05-28 08:21:10'),
(13, '1559075634-SOPORTE DE PAGO INSCRIPCION NATALIA HERRERA R.pdf', '/files/1559075634-SOPORTE DE PAGO INSCRIPCION NATALIA HERRERA R.pdf', '2019-05-28 08:33:54'),
(14, '1559142190-comprobante aganar.png', '/files/1559142190-comprobante aganar.png', '2019-05-29 03:03:10'),
(15, '1559166759-IMG-20190529-WA0033.jpg', '/files/1559166759-IMG-20190529-WA0033.jpg', '2019-05-29 09:52:39'),
(16, '1559167164-WhatsApp Image 2019-05-29 at 4.57.02 PM.jpeg', '/files/1559167164-WhatsApp Image 2019-05-29 at 4.57.02 PM.jpeg', '2019-05-29 09:59:24'),
(17, '1559194932-IMG_1916.jpg', '/files/1559194932-IMG_1916.jpg', '2019-05-30 05:42:13'),
(18, '1559195096-recibo de consignacion para el evento.jpg', '/files/1559195096-recibo de consignacion para el evento.jpg', '2019-05-30 05:44:56'),
(19, '1559195237-SOP-FORO-JDD426.pdf', '/files/1559195237-SOP-FORO-JDD426.pdf', '2019-05-30 05:47:17'),
(20, '1559195320-WhatsApp Image 2019-05-29 at 5.34.24 PM PAGO FORO ENERGÍAS RENOVABLES.jpeg', '/files/1559195320-WhatsApp Image 2019-05-29 at 5.34.24 PM PAGO FORO ENERGÍAS RENOVABLES.jpeg', '2019-05-30 05:48:40'),
(21, '1559284701-comprobante_de_pago2.pdf', '/files/1559284701-comprobante_de_pago2.pdf', '2019-05-31 06:38:21'),
(22, '1559286867-CONSTANCIA PAGO LUIS HURTADO.pdf', '/files/1559286867-CONSTANCIA PAGO LUIS HURTADO.pdf', '2019-05-31 07:14:27'),
(23, '1559287488-CONSTANCIA PAGO RICARDO CAMARGO.pdf', '/files/1559287488-CONSTANCIA PAGO RICARDO CAMARGO.pdf', '2019-05-31 07:24:48');

-- --------------------------------------------------------

--
-- Estructura de tabla para la tabla `categorias_emprendimientos`
--

CREATE TABLE `categorias_emprendimientos` (
  `id` int(11) NOT NULL,
  `nombre_categoria` varchar(255) COLLATE utf8_spanish2_ci NOT NULL,
  `descripcion` varchar(255) COLLATE utf8_spanish2_ci NOT NULL,
  `cod_evento` int(11) NOT NULL
) ENGINE=InnoDB DEFAULT CHARSET=utf8 COLLATE=utf8_spanish2_ci;

--
-- Volcado de datos para la tabla `categorias_emprendimientos`
--

INSERT INTO `categorias_emprendimientos` (`id`, `nombre_categoria`, `descripcion`, `cod_evento`) VALUES
(1, 'Artes visuales', 'Pintura, escultura, instalaciones y video arte, arte en\r\nmovimiento (performance art) y fotografía.', 2),
(2, 'Artes escénicas y espectáculo', 'Teatro, danza y marionetas, orquestas, ópera y\r\nzarzuela, conciertos, circo e improvisaciones\r\norganizadas (happenings).', 2),
(3, 'Turismo y patrimonio cultural material e inmaterial', 'Artesanías, antigüedades, lutería y productos típicos y\r\ngastronomía. Museos, galerías, archivos y bibliotecas.\r\nRestauración arquitectónica. Parques naturales.\r\nMonumentos, sitios arqueológicos y centros históricos.\r\nConocimientos tradicionales, etc.', 2),
(4, 'Educación en Artes, Cultura y Economía Creativa', 'Educación básica y media, educación superior,\r\neducación para el trabajo y el desarrollo humano,\r\neducación no formal (cursos, talleres).', 2),
(5, 'Industria editorial', 'Literatura, edición (libros, periódicos y\r\nrevistas) y librerías.', 2),
(6, 'Industria fonográfica', 'Música grabada.', 2),
(7, 'Industria audiovisual', 'Cine, televisión, video y radio.', 2),
(8, 'Agencias de noticias y otros servicios de información', 'Agencias de noticias y otros servicios de información.', 2),
(9, 'Medios digitales y software de contenidos', 'Videojuegos, contenidos interactivos audiovisuales,\r\nplataformas digitales, creación de software, creación\r\nde apps (código programación) y animación.', 2),
(10, 'Diseño', 'Artes gráficas e ilustración, interiores, joyería,\r\njuguetes, industrial (productos), arquitectura, moda y\r\nmobiliario. ', 2),
(11, 'Publicidad', 'Copy publicitario y dirección de arte.\r\n', 2),
(12, 'Otros', 'Otros', 2);

-- --------------------------------------------------------

--
-- Estructura de tabla para la tabla `emails_masivos`
--

CREATE TABLE `emails_masivos` (
  `id` int(11) NOT NULL,
  `evento_id` int(11) NOT NULL,
  `etiqueta` varchar(255) COLLATE utf8_spanish2_ci NOT NULL,
  `emisor_id` int(11) NOT NULL,
  `fecha_envio` datetime NOT NULL DEFAULT CURRENT_TIMESTAMP,
  `tipo_envio` int(11) NOT NULL COMMENT '1:Recordatorio de pago, 2: Envío de usuarios, 3: Envío de entradas'
) ENGINE=InnoDB DEFAULT CHARSET=utf8 COLLATE=utf8_spanish2_ci;

--
-- Volcado de datos para la tabla `emails_masivos`
--

INSERT INTO `emails_masivos` (`id`, `evento_id`, `etiqueta`, `emisor_id`, `fecha_envio`, `tipo_envio`) VALUES
(3, 1, 'Envio de entradas # 1', 54, '2019-05-27 10:29:21', 3),
(4, 1, 'Envio de entradas # 2', 54, '2019-05-27 10:59:06', 3),
(5, 1, 'Solicitud de entradas Cambio Radical', 54, '2019-05-28 11:05:37', 3);

-- --------------------------------------------------------

--
-- Estructura de tabla para la tabla `email_masivos_usuarios`
--

CREATE TABLE `email_masivos_usuarios` (
  `id` int(11) NOT NULL,
  `usuario_id` int(11) NOT NULL,
  `emails_masivos_id` int(11) NOT NULL,
  `fecha_envio` datetime DEFAULT CURRENT_TIMESTAMP
) ENGINE=InnoDB DEFAULT CHARSET=utf8 COLLATE=utf8_spanish2_ci;

--
-- Volcado de datos para la tabla `email_masivos_usuarios`
--

INSERT INTO `email_masivos_usuarios` (`id`, `usuario_id`, `emails_masivos_id`, `fecha_envio`) VALUES
(33, 65, 3, '2019-05-27 10:29:26'),
(34, 97, 4, '2019-05-27 10:59:11'),
(35, 91, 4, '2019-05-27 10:59:15'),
(36, 86, 4, '2019-05-27 10:59:19'),
(37, 85, 4, '2019-05-27 10:59:23'),
(38, 81, 4, '2019-05-27 10:59:27'),
(39, 79, 4, '2019-05-27 10:59:32'),
(40, 78, 4, '2019-05-27 10:59:36'),
(41, 75, 4, '2019-05-27 10:59:40'),
(42, 74, 4, '2019-05-27 10:59:44'),
(43, 73, 4, '2019-05-27 10:59:48'),
(44, 70, 4, '2019-05-27 10:59:53'),
(45, 67, 4, '2019-05-27 10:59:57'),
(46, 66, 4, '2019-05-27 11:00:01'),
(47, 64, 4, '2019-05-27 11:00:06'),
(48, 59, 4, '2019-05-27 11:00:10'),
(49, 50, 4, '2019-05-27 11:00:14'),
(50, 86, 5, '2019-05-28 11:05:41'),
(51, 85, 5, '2019-05-28 11:05:45');

-- --------------------------------------------------------

--
-- Estructura de tabla para la tabla `error_log`
--

CREATE TABLE `error_log` (
  `id` int(11) NOT NULL,
  `msg` int(11) NOT NULL,
  `fecha_creacion` timestamp NOT NULL DEFAULT CURRENT_TIMESTAMP
) ENGINE=InnoDB DEFAULT CHARSET=utf8 COLLATE=utf8_spanish2_ci;

-- --------------------------------------------------------

--
-- Estructura de tabla para la tabla `eventos`
--

CREATE TABLE `eventos` (
  `id` int(11) NOT NULL,
  `nombre_evento` varchar(255) COLLATE utf8_spanish2_ci DEFAULT NULL,
  `organizador` int(11) DEFAULT NULL,
  `fecha_creacion` timestamp NOT NULL DEFAULT CURRENT_TIMESTAMP,
  `fecha_evento` timestamp NULL DEFAULT NULL,
  `evento_padre` int(11) DEFAULT NULL,
  `alias` varchar(255) COLLATE utf8_spanish2_ci DEFAULT NULL
) ENGINE=InnoDB DEFAULT CHARSET=utf8 COLLATE=utf8_spanish2_ci;

--
-- Volcado de datos para la tabla `eventos`
--

INSERT INTO `eventos` (`id`, `nombre_evento`, `organizador`, `fecha_creacion`, `fecha_evento`, `evento_padre`, `alias`) VALUES
(1, '4to Foro Internacional de Energías Renovables', NULL, '2019-08-18 22:46:17', NULL, NULL, NULL),
(2, 'Monetiza tu emprendimiento Fenalco', NULL, '2019-08-18 22:46:17', NULL, NULL, NULL),
(3, 'Evento de prueba', 290, '2019-08-19 16:55:17', NULL, NULL, 'evento_de_prueba');

-- --------------------------------------------------------

--
-- Estructura de tabla para la tabla `inscripciones_eventos`
--

CREATE TABLE `inscripciones_eventos` (
  `id` int(11) NOT NULL,
  `fecha_inscripcion` datetime DEFAULT CURRENT_TIMESTAMP,
  `personas_id` int(11) NOT NULL,
  `eventos_id` int(11) NOT NULL,
  `confirmar` tinyint(1) NOT NULL DEFAULT '0',
  `asistencia` tinyint(1) NOT NULL DEFAULT '0'
) ENGINE=InnoDB DEFAULT CHARSET=utf8 COLLATE=utf8_spanish2_ci;

--
-- Volcado de datos para la tabla `inscripciones_eventos`
--

INSERT INTO `inscripciones_eventos` (`id`, `fecha_inscripcion`, `personas_id`, `eventos_id`, `confirmar`, `asistencia`) VALUES
(29, '2019-04-17 13:08:52', 35, 1, 1, 0),
(30, '2019-04-17 13:10:49', 36, 1, 0, 0),
(31, '2019-04-17 13:29:19', 37, 1, 0, 0),
(32, '2019-04-17 13:30:57', 38, 1, 0, 0),
(33, '2019-04-17 13:32:04', 39, 1, 1, 0),
(34, '2019-04-17 13:32:05', 40, 1, 1, 0),
(35, '2019-04-17 13:33:23', 41, 1, 0, 1),
(36, '2019-04-17 13:34:55', 42, 1, 0, 0),
(37, '2019-04-17 17:54:45', 43, 1, 1, 0),
(38, '2019-04-18 15:51:22', 44, 1, 0, 0),
(39, '2019-04-22 07:44:03', 45, 1, 1, 0),
(43, '2019-05-02 12:57:59', 49, 1, 1, 0),
(44, '2019-05-06 13:28:54', 50, 1, 0, 0),
(45, '2019-05-09 11:51:46', 51, 1, 1, 0),
(46, '2019-05-10 04:10:20', 52, 1, 1, 0),
(47, '2019-05-10 10:13:48', 53, 1, 1, 0),
(48, '2019-05-12 07:43:56', 54, 1, 1, 0),
(49, '2019-05-13 09:03:52', 55, 1, 1, 0),
(50, '2019-05-13 09:43:16', 56, 1, 1, 0),
(51, '2019-05-13 11:44:18', 57, 1, 0, 0),
(53, '2019-05-16 08:16:02', 59, 1, 0, 0),
(54, '2019-05-16 11:05:45', 60, 1, 0, 0),
(55, '2019-05-16 12:45:28', 61, 1, 1, 0),
(56, '2019-05-16 12:49:50', 62, 1, 1, 0),
(57, '2019-05-18 10:51:27', 63, 1, 0, 0),
(58, '2019-05-20 06:28:42', 64, 1, 1, 0),
(59, '2019-05-20 15:21:14', 65, 1, 1, 1),
(60, '2019-05-20 18:24:46', 66, 1, 1, 0),
(61, '2019-05-20 23:16:28', 67, 1, 1, 0),
(62, '2019-05-21 05:34:14', 68, 1, 1, 0),
(64, '2019-05-21 06:12:28', 70, 1, 1, 0),
(65, '2019-05-21 06:14:34', 71, 1, 1, 1),
(70, '2019-05-21 06:58:53', 76, 1, 1, 1),
(96, '2019-05-21 21:17:51', 102, 1, 1, 1),
(97, '2019-05-22 05:41:10', 103, 1, 1, 0),
(98, '2019-05-22 07:53:21', 104, 1, 1, 1),
(99, '2019-05-22 07:55:14', 105, 1, 0, 0),
(100, '2019-05-22 08:04:41', 106, 1, 1, 1),
(101, '2019-05-22 08:07:40', 107, 1, 1, 1),
(102, '2019-05-22 09:04:34', 108, 1, 1, 1),
(103, '2019-05-22 09:26:50', 109, 1, 1, 1),
(104, '2019-05-22 10:06:59', 110, 1, 1, 0),
(105, '2019-05-22 12:52:44', 111, 1, 1, 0),
(106, '2019-05-22 14:37:40', 112, 1, 1, 1),
(107, '2019-05-22 18:26:27', 113, 1, 1, 1),
(108, '2019-05-23 07:44:07', 114, 1, 1, 1),
(109, '2019-05-23 09:32:35', 115, 1, 1, 0),
(110, '2019-05-23 12:05:30', 116, 1, 1, 1),
(111, '2019-05-23 12:19:46', 117, 1, 1, 0),
(112, '2019-05-23 12:22:40', 118, 1, 1, 1),
(113, '2019-05-23 14:44:00', 119, 1, 1, 1),
(114, '2019-05-23 15:02:21', 120, 1, 0, 1),
(115, '2019-05-23 15:28:59', 121, 1, 1, 1),
(116, '2019-05-23 19:52:46', 122, 1, 0, 0),
(117, '2019-05-24 13:29:17', 123, 1, 1, 0),
(118, '2019-05-24 13:44:40', 124, 1, 1, 0),
(119, '2019-05-24 13:48:15', 125, 1, 1, 0),
(120, '2019-05-24 14:57:46', 126, 1, 0, 0),
(121, '2019-05-24 16:02:52', 127, 1, 1, 0),
(122, '2019-05-24 16:35:31', 128, 1, 1, 1),
(123, '2019-05-24 16:37:16', 129, 1, 0, 1),
(124, '2019-05-25 06:45:53', 130, 1, 1, 1),
(125, '2019-05-25 06:52:03', 131, 1, 1, 0),
(126, '2019-05-25 11:30:57', 132, 1, 1, 0),
(127, '2019-05-27 06:13:59', 133, 1, 0, 0),
(128, '2019-05-27 10:08:13', 134, 1, 0, 0),
(129, '2019-05-27 10:12:46', 135, 1, 1, 0),
(130, '2019-05-27 11:44:33', 136, 1, 0, 0),
(131, '2019-05-27 11:51:28', 137, 1, 0, 0),
(132, '2019-05-27 12:10:13', 138, 1, 0, 0),
(133, '2019-05-27 12:12:09', 139, 1, 0, 0),
(134, '2019-05-27 12:18:18', 140, 1, 0, 1),
(135, '2019-05-27 12:20:31', 141, 1, 0, 1),
(136, '2019-05-27 12:22:40', 142, 1, 1, 1),
(137, '2019-05-27 12:25:05', 143, 1, 0, 0),
(138, '2019-05-27 12:27:09', 144, 1, 0, 0),
(139, '2019-05-27 12:34:02', 145, 1, 1, 1),
(140, '2019-05-27 12:38:21', 146, 1, 0, 0),
(141, '2019-05-27 12:43:26', 147, 1, 0, 0),
(142, '2019-05-27 12:45:19', 148, 1, 0, 0),
(143, '2019-05-27 12:49:41', 149, 1, 0, 0),
(144, '2019-05-27 12:51:48', 150, 1, 0, 0),
(145, '2019-05-27 12:53:38', 151, 1, 0, 0),
(146, '2019-05-27 13:06:56', 152, 1, 1, 1),
(147, '2019-05-27 13:15:02', 153, 1, 0, 1),
(148, '2019-05-27 13:17:26', 154, 1, 0, 0),
(149, '2019-05-27 13:19:18', 155, 1, 0, 1),
(150, '2019-05-27 13:21:15', 156, 1, 0, 1),
(151, '2019-05-27 13:50:25', 157, 1, 1, 0),
(152, '2019-05-27 14:28:32', 158, 1, 0, 0),
(153, '2019-05-27 14:31:07', 159, 1, 0, 1),
(154, '2019-05-27 14:32:26', 160, 1, 0, 1),
(155, '2019-05-27 14:33:26', 161, 1, 0, 1),
(156, '2019-05-27 14:34:36', 162, 1, 1, 1),
(157, '2019-05-27 14:35:35', 163, 1, 0, 0),
(158, '2019-05-27 14:36:43', 164, 1, 1, 1),
(159, '2019-05-27 14:37:41', 165, 1, 1, 1),
(160, '2019-05-27 14:38:29', 166, 1, 0, 1),
(161, '2019-05-27 15:23:03', 167, 1, 0, 1),
(162, '2019-05-27 15:28:06', 168, 1, 1, 1),
(163, '2019-05-27 16:49:15', 169, 1, 0, 0),
(164, '2019-05-27 17:05:40', 170, 1, 1, 1),
(165, '2019-05-27 17:35:08', 171, 1, 1, 0),
(166, '2019-05-27 19:12:17', 172, 1, 1, 1),
(167, '2019-05-27 20:34:12', 173, 1, 1, 0),
(168, '2019-05-27 20:45:51', 174, 1, 1, 1),
(169, '2019-05-28 05:15:22', 175, 1, 0, 0),
(170, '2019-05-28 05:25:07', 176, 1, 0, 1),
(171, '2019-05-28 05:53:01', 177, 1, 1, 1),
(172, '2019-05-28 06:24:39', 178, 1, 1, 1),
(173, '2019-05-28 06:33:50', 179, 1, 1, 1),
(174, '2019-05-28 06:56:23', 180, 1, 1, 0),
(175, '2019-05-28 07:31:06', 181, 1, 1, 1),
(176, '2019-05-28 07:39:04', 182, 1, 0, 1),
(177, '2019-05-28 08:01:28', 183, 1, 0, 0),
(178, '2019-05-28 08:14:29', 184, 1, 1, 1),
(179, '2019-05-28 08:24:01', 185, 1, 1, 0),
(180, '2019-05-28 08:29:10', 186, 1, 1, 0),
(181, '2019-05-28 08:59:32', 187, 1, 1, 1),
(182, '2019-05-28 09:08:37', 188, 1, 1, 1),
(183, '2019-05-28 09:14:27', 189, 1, 0, 1),
(184, '2019-05-28 09:32:12', 190, 1, 0, 1),
(185, '2019-05-28 11:03:45', 191, 1, 1, 0),
(186, '2019-05-28 11:12:25', 192, 1, 1, 0),
(187, '2019-05-28 11:45:32', 193, 1, 0, 0),
(188, '2019-05-28 13:18:50', 194, 1, 0, 0),
(189, '2019-05-28 13:29:44', 195, 1, 1, 1),
(190, '2019-05-28 13:54:09', 196, 1, 0, 0),
(191, '2019-05-28 15:30:27', 197, 1, 0, 0),
(192, '2019-05-28 15:58:00', 198, 1, 1, 1),
(193, '2019-05-29 08:07:31', 199, 1, 1, 1),
(194, '2019-05-29 08:08:00', 200, 1, 0, 0),
(195, '2019-05-29 08:10:45', 201, 1, 0, 0),
(196, '2019-05-29 08:18:07', 202, 1, 0, 0),
(197, '2019-05-29 08:21:05', 203, 1, 0, 0),
(198, '2019-05-29 08:36:42', 204, 1, 1, 0),
(199, '2019-05-29 08:48:26', 205, 1, 1, 0),
(200, '2019-05-29 09:13:56', 206, 1, 0, 1),
(201, '2019-05-29 09:20:09', 207, 1, 0, 0),
(202, '2019-05-29 09:23:48', 208, 1, 0, 0),
(204, '2019-05-29 09:28:41', 210, 1, 1, 1),
(205, '2019-05-29 09:49:24', 211, 1, 1, 1),
(206, '2019-05-29 09:56:11', 212, 1, 1, 1),
(207, '2019-05-29 09:58:54', 213, 1, 0, 1),
(208, '2019-05-29 10:37:10', 214, 1, 1, 1),
(209, '2019-05-29 10:38:25', 215, 1, 1, 0),
(210, '2019-05-29 10:49:13', 216, 1, 1, 1),
(211, '2019-05-29 10:52:38', 217, 1, 1, 0),
(212, '2019-05-29 11:04:38', 218, 1, 0, 0),
(213, '2019-05-29 11:07:21', 219, 1, 0, 0),
(214, '2019-05-29 11:18:51', 220, 1, 1, 1),
(215, '2019-05-29 12:07:09', 221, 1, 1, 0),
(216, '2019-05-29 12:07:47', 222, 1, 0, 0),
(217, '2019-05-29 12:25:09', 223, 1, 0, 0),
(218, '2019-05-29 12:26:38', 224, 1, 1, 1),
(219, '2019-05-29 12:29:51', 225, 1, 0, 0),
(220, '2019-05-29 12:30:35', 226, 1, 1, 0),
(221, '2019-05-29 12:34:49', 227, 1, 1, 0),
(222, '2019-05-29 12:44:14', 228, 1, 1, 0),
(223, '2019-05-29 12:46:41', 229, 1, 0, 0),
(224, '2019-05-29 12:47:13', 230, 1, 1, 0),
(225, '2019-05-29 12:53:10', 231, 1, 1, 1),
(226, '2019-05-29 12:56:37', 232, 1, 0, 0),
(227, '2019-05-29 12:59:45', 233, 1, 1, 0),
(228, '2019-05-29 13:01:02', 234, 1, 1, 1),
(229, '2019-05-29 13:11:31', 235, 1, 1, 1),
(230, '2019-05-29 13:12:07', 236, 1, 0, 0),
(231, '2019-05-29 13:16:04', 237, 1, 0, 0),
(232, '2019-05-29 13:20:35', 238, 1, 0, 0),
(233, '2019-05-29 13:24:30', 239, 1, 0, 1),
(234, '2019-05-29 13:28:53', 240, 1, 0, 0),
(235, '2019-05-29 13:39:32', 241, 1, 1, 0),
(236, '2019-05-29 13:41:56', 242, 1, 1, 0),
(237, '2019-05-29 13:42:50', 243, 1, 0, 0),
(238, '2019-05-29 13:42:54', 244, 1, 1, 0),
(239, '2019-05-29 13:44:59', 245, 1, 1, 1),
(240, '2019-05-29 13:46:07', 246, 1, 0, 0),
(241, '2019-05-29 13:47:57', 247, 1, 1, 0),
(242, '2019-05-29 14:20:37', 248, 1, 1, 0),
(243, '2019-05-29 14:21:53', 249, 1, 0, 0),
(244, '2019-05-29 14:31:42', 250, 1, 0, 0),
(245, '2019-05-29 14:35:30', 251, 1, 0, 0),
(246, '2019-05-29 14:35:48', 252, 1, 1, 0),
(247, '2019-05-29 14:43:28', 253, 1, 1, 0),
(248, '2019-05-29 14:51:57', 254, 1, 1, 0),
(249, '2019-05-29 14:52:00', 255, 1, 1, 0),
(251, '2019-05-29 14:55:09', 257, 1, 1, 0),
(252, '2019-05-29 15:01:00', 258, 1, 1, 0),
(253, '2019-05-29 15:04:49', 259, 1, 0, 0),
(254, '2019-05-29 15:05:48', 260, 1, 0, 0),
(255, '2019-05-29 15:06:01', 261, 1, 1, 0),
(256, '2019-05-29 15:07:55', 262, 1, 1, 0),
(257, '2019-05-29 15:09:42', 263, 1, 0, 0),
(258, '2019-05-29 15:13:10', 264, 1, 1, 1),
(259, '2019-05-29 15:14:00', 265, 1, 0, 0),
(260, '2019-05-29 15:19:16', 266, 1, 0, 0),
(261, '2019-05-29 15:19:51', 267, 1, 0, 0),
(262, '2019-05-29 15:22:12', 268, 1, 1, 0),
(263, '2019-05-29 15:24:52', 269, 1, 0, 0),
(264, '2019-05-29 15:27:17', 270, 1, 0, 1),
(265, '2019-05-29 15:27:56', 271, 1, 0, 0),
(266, '2019-05-29 15:45:07', 272, 1, 0, 0),
(267, '2019-05-29 15:49:05', 273, 1, 1, 1),
(268, '2019-05-29 15:51:22', 274, 1, 0, 1),
(270, '2019-05-29 16:05:50', 276, 1, 1, 1),
(271, '2019-05-29 16:09:33', 277, 1, 0, 0),
(272, '2019-05-29 16:11:07', 278, 1, 0, 0),
(273, '2019-05-29 17:02:48', 279, 1, 1, 0),
(274, '2019-05-29 17:25:57', 280, 1, 0, 0),
(275, '2019-05-29 20:14:18', 281, 1, 0, 0),
(276, '2019-05-29 21:07:45', 282, 1, 0, 0),
(277, '2019-05-29 21:15:39', 283, 1, 0, 0),
(278, '2019-05-30 03:27:57', 284, 1, 0, 0),
(279, '2019-05-30 04:15:29', 285, 1, 1, 0),
(280, '2019-05-30 04:58:06', 286, 1, 1, 0),
(281, '2019-05-30 05:12:29', 287, 1, 1, 0),
(282, '2019-05-30 05:40:06', 288, 1, 1, 0),
(283, '2019-05-30 06:47:21', 289, 1, 0, 0),
(284, '2019-05-30 06:50:19', 290, 1, 0, 0),
(285, '2019-05-30 07:10:23', 291, 1, 1, 0),
(286, '2019-05-30 07:13:50', 292, 1, 0, 0),
(287, '2019-05-30 07:18:20', 293, 1, 0, 0),
(288, '2019-05-30 07:41:12', 294, 1, 0, 0),
(289, '2019-05-30 07:48:51', 295, 1, 0, 0),
(290, '2019-05-30 07:50:25', 296, 1, 0, 0),
(291, '2019-05-30 07:53:35', 297, 1, 0, 0),
(292, '2019-05-30 09:04:39', 298, 1, 0, 0),
(293, '2019-05-30 09:56:41', 299, 1, 0, 0),
(294, '2019-05-30 12:54:36', 300, 1, 0, 0),
(295, '2019-05-30 13:14:36', 301, 1, 0, 0),
(296, '2019-05-30 13:17:29', 302, 1, 0, 0),
(297, '2019-05-30 13:22:08', 303, 1, 0, 0),
(298, '2019-05-30 13:22:16', 304, 1, 0, 0),
(299, '2019-05-30 13:24:02', 305, 1, 0, 0),
(300, '2019-05-30 13:24:03', 306, 1, 0, 0),
(301, '2019-05-30 13:25:34', 307, 1, 0, 0),
(302, '2019-05-30 13:28:23', 308, 1, 0, 0),
(303, '2019-05-30 13:30:16', 309, 1, 0, 0),
(304, '2019-05-30 13:32:11', 310, 1, 0, 0),
(305, '2019-05-30 13:47:43', 311, 1, 0, 0),
(306, '2019-05-31 06:10:55', 312, 1, 0, 0),
(307, '2019-05-31 07:12:05', 313, 1, 0, 0),
(308, '2019-05-31 07:15:15', 314, 1, 0, 0),
(309, '2019-05-31 07:21:27', 315, 1, 0, 0),
(310, '2019-05-31 07:25:25', 316, 1, 0, 0),
(311, '2019-05-31 07:29:21', 317, 1, 1, 0),
(312, '2019-05-31 07:49:36', 318, 1, 0, 0),
(313, '2019-05-31 11:10:02', 319, 1, 0, 0),
(314, '2019-05-31 11:12:29', 320, 1, 1, 0),
(315, '2019-07-15 10:51:22', 321, 2, 0, 0),
(318, '2019-07-15 13:58:32', 324, 2, 0, 0),
(319, '2019-07-18 09:37:43', 325, 2, 0, 0);

-- --------------------------------------------------------

--
-- Estructura de tabla para la tabla `pagos`
--

CREATE TABLE `pagos` (
  `id` int(11) NOT NULL,
  `evento_id` int(11) NOT NULL,
  `usuario_id` int(11) NOT NULL,
  `medio` int(11) NOT NULL COMMENT '1:en linea, 2: consignacion',
  `valor` int(11) DEFAULT NULL,
  `fecha` datetime NOT NULL,
  `cod_seguimiento` varchar(50) COLLATE utf8_spanish2_ci NOT NULL,
  `url` text COLLATE utf8_spanish2_ci,
  `code` varchar(255) COLLATE utf8_spanish2_ci DEFAULT NULL,
  `archivo_id` int(11) DEFAULT NULL
) ENGINE=InnoDB DEFAULT CHARSET=utf8 COLLATE=utf8_spanish2_ci;

--
-- Volcado de datos para la tabla `pagos`
--

INSERT INTO `pagos` (`id`, `evento_id`, `usuario_id`, `medio`, `valor`, `fecha`, `cod_seguimiento`, `url`, `code`, `archivo_id`) VALUES
(17, 1, 73, 2, 50000, '2019-05-22 00:00:00', '36174', 'https://drive.google.com/file/d/164a6KmbvzhY1hdf4GL7G7xIrqxCUpept/view?usp=sharing', 'c6954ae80bf447124c359981fbf3930d', NULL),
(18, 1, 79, 2, 50000, '2019-05-23 00:00:00', '19621', 'https://drive.google.com/file/d/1xbTiZESBQhP5kQnMqSTrHF5b8lf_jF4I/view?usp=sharing', '213f144d179de2714413645fcc57987c', NULL),
(19, 1, 75, 2, 50000, '2019-05-22 00:00:00', '36175', 'https://drive.google.com/file/d/13REHLbxHy5AK3Oq1zrUkopjAsnAcQLWQ/view?usp=sharing', '880be1be278c502bdebc91d620894abf', NULL),
(20, 1, 70, 2, 50000, '2019-05-22 00:00:00', '3007010427', 'https://drive.google.com/file/d/11lJjaXsf0pVpLjJRGT8miBZJ-16WfvgF/view?usp=sharing', 'c06bebbdeea3ca7cc8a9662be35925a7', NULL),
(21, 1, 74, 2, 50000, '2019-05-22 00:00:00', '40041', 'https://drive.google.com/file/d/1-uHppy2Dq8tqeiqOkoVRHypSi68WkAhP/view?usp=sharing', '8262db00621b630f8cb9f7d959ea6155', NULL),
(22, 1, 67, 2, 50000, '2019-05-22 00:00:00', '562', 'https://drive.google.com/file/d/1KBSWefkSDLTn1uvP3zpLaMTOVKYbTSUh/view?usp=sharing', '18b7ffaa3d9825b248640e05021aa56a', NULL),
(23, 1, 64, 2, 50000, '2019-05-21 00:00:00', '97078', 'https://drive.google.com/file/d/19Z0hg24rlgkfKBVOiDbqbRyjRQe_5LW-/view?usp=sharing', '68ff4d0fc0eee1a736961cac1ef2cb1f', NULL),
(24, 1, 81, 1, 50000, '2019-05-23 00:00:00', '246764636', 'https://drive.google.com/file/d/1CariczetAp6o7SicSVKf_y8vw8UkHz3M/view?usp=sharing', '695021851244bdcbb6ba28789419b731', NULL),
(25, 1, 97, 1, 50000, '2019-05-25 00:00:00', '246084481', 'https://drive.google.com/file/d/1BDObJL7zNNIo3ZHHzJ3rrh_C51RgJaKz/view?usp=sharing', '9e62342063fdaa5afa5b6f263c413833', NULL),
(26, 1, 86, 2, 50000, '2019-05-24 00:00:00', '18613', 'https://drive.google.com/file/d/1SVeFA9q4oGfF9PSnBSrOxfWWGbWQYtl1/view?usp=sharing', 'fe9bd850648e03d5045a9db6a0a780b6', NULL),
(27, 1, 85, 2, 50000, '2019-05-24 00:00:00', '18612', 'https://drive.google.com/file/d/1GcYk2J_HnjtOsJua71U0LE7wjDWkPQYz/view?usp=sharing', '808614fd389ab57d56c188f6e1fddd57', NULL),
(28, 1, 78, 1, 50000, '2019-05-23 00:00:00', '246097466', 'https://drive.google.com/file/d/1av-JCayjepmZ5IiW-mTq9UamPXM41UGQ/view?usp=sharing', '7f28d97759838caa7943b04c1641e460', NULL),
(29, 1, 91, 1, 50000, '2019-05-24 00:00:00', '246492433', 'https://drive.google.com/file/d/1av-JCayjepmZ5IiW-mTq9UamPXM41UGQ/view?usp=sharing', 'acb672de27b24a3ef4bbdfbadeb8c36b', NULL),
(30, 1, 66, 1, 50000, '2019-05-21 00:00:00', '245384637', 'https://drive.google.com/file/d/1av-JCayjepmZ5IiW-mTq9UamPXM41UGQ/view?usp=sharing', 'd2579bf74bcab5db78df5fac035979c5', NULL),
(31, 1, 59, 1, 50000, '2019-05-20 00:00:00', '245209949', 'https://drive.google.com/file/d/1av-JCayjepmZ5IiW-mTq9UamPXM41UGQ/view?usp=sharing', '95b83162bc29b695b93f09864c55da4f', NULL),
(32, 1, 50, 1, 50000, '2019-05-13 00:00:00', '242597226', 'https://drive.google.com/file/d/1av-JCayjepmZ5IiW-mTq9UamPXM41UGQ/view?usp=sharing', '0ab6251cbef2106a5699cf98c0e0c8e2', NULL),
(40, 1, 65, 2, 0, '2019-05-28 00:00:00', '102', NULL, 'c3247bb61c89f843bebe86c6f7c7b892', NULL),
(42, 1, 143, 1, 50000, '2019-05-28 00:00:00', '247609050', NULL, 'd41d8cd98f00b204e9800998ecf8427e', 9),
(45, 1, 142, 1, 50000, '2019-05-28 00:00:00', '247614629', NULL, '39cb5bb4d0f07c57e040146100f774f4', 12),
(46, 1, 144, 1, 50000, '2019-05-28 00:00:00', '247611050', NULL, '42541260a6a9424a647895f76c4124d1', 13),
(47, 1, 71, 2, 0, '2019-05-28 00:00:00', '1', NULL, 'c855078b8950c9c74b5ac6366c51752b', NULL),
(48, 1, 69, 2, 0, '2019-05-28 00:00:00', '1', NULL, '8f3dfd37b647ce54c3b8a3ed4525156f', NULL),
(49, 1, 83, 2, 0, '2019-05-28 00:00:00', '1', NULL, '0341c871b9b1b75ff885095543a7d231', NULL),
(50, 1, 80, 2, 0, '2019-05-28 00:00:00', '1', NULL, '3403e2016bdb52a54f7aae83d894f46b', NULL),
(51, 1, 72, 2, 0, '2019-05-28 00:00:00', '1', NULL, 'afcad446b2ea45c2addd9e65eb82cdf9', NULL),
(52, 1, 161, 2, 0, '2019-05-28 00:00:00', '1', NULL, '40433343a063d26054a3169b42b5957f', NULL),
(53, 1, 84, 2, 0, '2019-05-28 00:00:00', '1', NULL, '72b4bdae4a32e13813c7ad8602ed831b', NULL),
(54, 1, 77, 2, 0, '2019-05-28 00:00:00', '1', NULL, '73cba4cc74a026954d4c207c345c8ee6', NULL),
(55, 1, 117, 2, 0, '2019-05-28 00:00:00', '1', NULL, '29f817861af6dc68c696692959b623fe', NULL),
(56, 1, 135, 2, 0, '2019-05-28 00:00:00', '1', NULL, '5ac99546e388009d096ac325880ff642', NULL),
(57, 1, 146, 2, 0, '2019-05-28 00:00:00', '1', NULL, 'dc3e835eaf89dd78561bad0c970883ed', NULL),
(58, 1, 147, 2, 0, '2019-05-28 00:00:00', '1', NULL, '3eb1f8fd4b29c55bd1d6544313af6201', NULL),
(59, 1, 137, 2, 0, '2019-05-28 00:00:00', '1', NULL, '0eb5aa1248baf79a0da59368506f97de', NULL),
(60, 1, 132, 2, 0, '2019-05-28 00:00:00', '1', NULL, 'ace08aa0f1bb567d1e80b274a5779868', NULL),
(61, 1, 133, 2, 0, '2019-05-28 00:00:00', '1', NULL, '7973951c4f1d1676fef9b1e823c2635f', NULL),
(62, 1, 118, 2, 0, '2019-05-28 00:00:00', '1', NULL, '4a38ba998dc2dfc41d1e913bea1172a4', NULL),
(63, 1, 119, 2, 0, '2019-05-28 00:00:00', '1', NULL, '8414fe3b98140ab5bd327448b3441fa4', NULL),
(64, 1, 120, 2, 0, '2019-05-28 00:00:00', '1', NULL, '6427bc133daf394c3c741be21350330c', NULL),
(65, 1, 121, 2, 0, '2019-05-28 00:00:00', '1', NULL, '16869810d8384e3079a2b03bc82ca338', NULL),
(67, 1, 124, 2, 0, '2019-05-28 00:00:00', '1', NULL, '5953a02d2cd166d9b5c59702d66e008e', NULL),
(68, 1, 125, 2, 0, '2019-05-28 00:00:00', '1', NULL, '1309a190a645773af155e5e36308c6a6', NULL),
(69, 1, 126, 2, 0, '2019-05-28 00:00:00', '1', NULL, 'b071a270868670cac339691c3eb59c10', NULL),
(70, 1, 127, 2, 0, '2019-05-28 00:00:00', '1', NULL, '35f71dfa9233d7fd76907c9eaf357ff2', NULL),
(71, 1, 128, 2, 0, '2019-05-28 00:00:00', '1', NULL, '811b25f0de5c260292d9c6201c9bc3cf', NULL),
(72, 1, 129, 2, 0, '2019-05-28 00:00:00', '1', NULL, '2f28c919fba09e27a3ba698a89475c31', NULL),
(73, 1, 130, 2, 0, '2019-05-28 00:00:00', '1', NULL, '1585cebb062f3416e103359acb5805bf', NULL),
(74, 1, 131, 2, 0, '2019-05-28 00:00:00', '1', NULL, 'fa597b19039ba98781cbb0786038d1c4', NULL),
(75, 1, 139, 2, 0, '2019-05-28 00:00:00', '1', NULL, '1e50a022690ff22c8e3a918efc3faf33', NULL),
(76, 1, 154, 1, 50000, '2019-05-28 00:00:00', '247660353', NULL, '2debae0713fa8395d31482f876a8bdf9', NULL),
(77, 1, 141, 1, 50000, '2019-05-28 00:00:00', '247592981', NULL, 'fcf51e9e2132ace36c9cbdca7f3ff0eb', NULL),
(78, 1, 140, 1, 50000, '2019-05-28 00:00:00', '247591388', NULL, '314444f1dffc31f518c93763b13d2490', NULL),
(79, 1, 149, 2, 0, '2019-05-28 00:00:00', '103', NULL, 'a501044fe189bfc4633797fdb0ea9b2e', NULL),
(80, 1, 148, 2, 0, '2019-05-28 00:00:00', '103', NULL, 'fb8a8ad15776674996ecce5616fe231b', NULL),
(81, 1, 153, 2, 0, '2019-05-28 00:00:00', '103', NULL, '53d02d87158a4bfd31579add345940ac', NULL),
(82, 1, 162, 2, 50000, '2019-05-28 00:00:00', '1331', NULL, '39e6486388ad426f8baecf77c63fdb8c', NULL),
(83, 1, 155, 2, 0, '2019-05-28 00:00:00', '103', NULL, 'ef4914587e6943a638484f76b85c214e', 14),
(84, 1, 181, 2, 0, '2019-05-28 00:00:00', '105', NULL, 'd7014b8d932b030e100c6f861c685746', NULL),
(85, 1, 58, 2, 0, '2019-05-29 00:00:00', '106', NULL, 'ad49206aa3321d46d943f3bbd2c1a049', NULL),
(86, 1, 166, 2, 0, '2019-05-29 00:00:00', '106', NULL, '6fac67c006a78b69cd40fc3d145fc0c6', NULL),
(87, 1, 167, 2, 0, '2019-05-29 00:00:00', '106', NULL, '1db88917c7b93780834b5e2b2acdb833', NULL),
(88, 1, 171, 2, 0, '2019-05-29 00:00:00', '106', NULL, '7c50a471693ab59a3dbe500d328c9df7', NULL),
(89, 1, 172, 2, 0, '2019-05-28 00:00:00', '106', NULL, 'f052b0deff68821cb28f435bcf0c8c08', NULL),
(90, 1, 173, 2, 0, '2019-05-28 00:00:00', '106', NULL, 'bf6e5c25cd4cc0fa5f7593eb28e2c45f', NULL),
(91, 1, 175, 2, 0, '2019-05-29 00:00:00', '106', NULL, '11fa9bc6294bb1dc448e929756b05412', NULL),
(92, 1, 176, 2, 0, '2019-05-29 00:00:00', '106', NULL, '3b504cee6cb9bfe997accdd8de145249', NULL),
(93, 1, 177, 2, 0, '2019-05-29 00:00:00', '106', NULL, '9deeb9cc63adf8d61d11330fc834b76a', NULL),
(94, 1, 178, 2, 0, '2019-05-29 00:00:00', '106', NULL, '3f91e07504057b0072a8e95b9e84e5b2', NULL),
(95, 1, 179, 2, 0, '2019-05-29 00:00:00', '106', NULL, 'dd225fc73c129089f986345b0ce5be05', NULL),
(96, 1, 180, 2, 0, '2019-05-29 00:00:00', '106', NULL, '9b76c615a405f6ae19a3973eb6127f54', NULL),
(97, 1, 183, 2, 0, '2019-05-29 00:00:00', '106', NULL, 'c9684b656bf634123925375aac073f64', NULL),
(98, 1, 184, 2, 0, '2019-05-29 00:00:00', '106', NULL, '4557cc0a49f9f4b3134f71b0a4b92f98', NULL),
(99, 1, 185, 1, 50000, '2019-05-29 00:00:00', '248008263', NULL, '412565a3c9ea19aebc5968416f38b573', NULL),
(100, 1, 152, 1, 50000, '2019-05-29 00:00:00', '248027588', NULL, '212c4af3deade9fd618f54508b6b9384', NULL),
(101, 1, 210, 2, 0, '2019-05-29 00:00:00', '107', NULL, '4a0b69f78d01e189d5a32349c93a6a3b', NULL),
(102, 1, 43, 2, 0, '2019-05-29 00:00:00', '107', NULL, '2c9e617de6d82d21f417b18b5bdf218a', NULL),
(103, 1, 35, 2, 0, '2019-05-29 00:00:00', '107', NULL, '0954dc7106aea2bfb5a6397fa03de561', NULL),
(104, 1, 103, 2, 0, '2019-05-29 00:00:00', '107', NULL, '8255e56fb524d7ce755ff16805716f36', NULL),
(105, 1, 116, 2, 0, '2019-05-29 00:00:00', '107', NULL, '3d91cdb6793f06d02c45e40c6e4b400d', NULL),
(106, 1, 104, 2, 0, '2019-05-29 00:00:00', '107', NULL, '928ea745bb845fb737c1c957d881d3f4', NULL),
(107, 1, 115, 2, 0, '2019-05-29 00:00:00', '107', NULL, 'e8e9369e171f8823341ce10ae86fd31d', NULL),
(108, 1, 114, 2, 0, '2019-05-29 00:00:00', '107', NULL, 'd7a17f049359bf9a037b4ce9039ebdad', NULL),
(109, 1, 122, 2, 0, '2019-05-29 00:00:00', '107', NULL, '51ce6a7238943a37a60ba0e6805f9c70', NULL),
(110, 1, 110, 2, 0, '2019-05-29 00:00:00', '107', NULL, 'b30c6bf74c5e769c70461d6aefe52397', NULL),
(111, 1, 112, 2, 0, '2019-05-29 00:00:00', '107', NULL, 'ec0038aa8705cb396179ee61c0836806', NULL),
(112, 1, 109, 2, 0, '2019-05-29 00:00:00', '107', NULL, '08c7bd401533c8396e852edf1f629d61', NULL),
(113, 1, 107, 2, 0, '2019-05-29 00:00:00', '107', NULL, '66424cd3ff936eaf48254a873408899c', NULL),
(114, 1, 108, 2, 0, '2019-05-29 00:00:00', '107', NULL, '0e1160ebe08cb5fe6bd984ce410000fc', NULL),
(115, 1, 106, 2, 0, '2019-05-29 00:00:00', '107', NULL, '0cc8776db7d607111b71d8615a869f67', NULL),
(116, 1, 105, 2, 0, '2019-05-29 00:00:00', '107', NULL, '07bfafe8afcc5a19d3174f9a7f16ce60', NULL),
(117, 1, 189, 2, 50000, '2019-05-29 00:00:00', '61870', NULL, 'eb1a207376effe89ecfa2b9091a9b88d', 15),
(118, 1, 57, 2, 50000, '2019-05-29 00:00:00', '3886', NULL, '2a979d3c68cc151a314f1f8d9ad1a016', 16),
(119, 1, 163, 1, 50000, '2019-05-29 00:00:00', '1118509579', NULL, '4d08dfb97468d962fd8402d03bdae0f6', 16),
(120, 1, 218, 2, 50000, '2019-05-29 00:00:00', '006866', NULL, '3141e64aeb1c50f39652d84b4ebd42bc', 17),
(121, 1, 239, 2, 50000, '2019-05-29 00:00:00', '041466', NULL, '6fcc76f116b31b6c6e93227e24432c21', 18),
(122, 1, 214, 2, 50000, '2019-05-29 00:00:00', '041466', NULL, '2f138ee653a8dec9ff174d2657bfaebc', 19),
(123, 1, 229, 1, 50000, '2019-05-29 00:00:00', '248075027', NULL, '3d14b2bf1eaaedb07a05a192d69a7323', 20),
(124, 1, 202, 2, 50000, '2019-05-29 00:00:00', '000000404', NULL, 'fd5dfc0ab5c1f972ea8af21c4bf6ff2c', 20),
(125, 1, 238, 2, 0, '2019-05-29 00:00:00', '108', NULL, 'd226f5579037b342d2754ef4f00ee452', NULL),
(126, 1, 240, 2, 0, '2019-05-29 00:00:00', '108', NULL, '8e67ed3ff500e9c54decdc2336bd2441', NULL),
(127, 1, 241, 2, 0, '2019-05-29 00:00:00', '108', NULL, 'eb96e688ebd42694ef21d55d5f992743', NULL),
(128, 1, 213, 2, 0, '2019-05-29 00:00:00', '101', NULL, 'b9db9844a93fdc4092b71637cdba8c84', NULL),
(129, 1, 87, 2, 0, '2019-05-29 00:00:00', '101', NULL, 'c82f241d29eabfb6734fd76a3d3ec2c6', NULL),
(130, 1, 33, 2, 0, '2019-05-29 00:00:00', '101', NULL, '36ba059902900b3e8f20141b709e3371', NULL),
(131, 1, 164, 2, 0, '2019-05-29 00:00:00', '101', NULL, '1fd59311155977156c274bc5e038b8aa', NULL),
(132, 1, 192, 1, 50000, '2019-05-29 00:00:00', '248029894', NULL, '311e21e972469ca22b42237f2a7e16a0', 23),
(133, 1, 198, 1, 50000, '2019-05-29 00:00:00', '248036199', NULL, '55c5f65c0331de55eb8daf40f30a568b', 22),
(134, 1, 208, 2, 50000, '2019-05-28 00:00:00', '35496', NULL, 'fe6b77673e4f17ae7cada25a033cd19a', NULL),
(135, 1, 101, 2, 0, '2019-05-28 00:00:00', '35496', NULL, 'bf8bd36067fffc8b051cf63940ec8505', NULL),
(136, 1, 95, 2, 0, '2019-05-29 00:00:00', '100001', NULL, '5d902fc2d410e0e18db3b26e24f20eb4', NULL),
(138, 1, 93, 2, 0, '2019-05-29 00:00:00', '100001', NULL, '5581c621aae3ab6ffb938a487ccdcd06', NULL),
(139, 1, 93, 2, 0, '2019-05-29 00:00:00', '100001', NULL, '5581c621aae3ab6ffb938a487ccdcd06', NULL),
(140, 1, 89, 2, 0, '2019-05-29 00:00:00', '100001', NULL, '237dd9a443c58f3a9c19ab4beaff50bc', NULL),
(141, 1, 94, 2, 0, '2019-05-29 00:00:00', '100001', NULL, 'eac904cff3c12555b507ed06a3b7932c', NULL),
(142, 1, 90, 2, 0, '2019-05-29 00:00:00', '100001', NULL, '020bf843ce315fd20931addc183f37e1', NULL),
(143, 1, 244, 2, 0, '2019-05-29 00:00:00', '100001', NULL, '660e3b89c22144bdc799f93bb619555b', NULL),
(144, 1, 88, 2, 0, '2019-05-29 00:00:00', '100001', NULL, 'dc273fd0fc395b117347b4ee3d243e66', NULL),
(145, 1, 100, 2, 0, '2019-05-29 00:00:00', '100001', NULL, '0eaeb789e448a5e4dbd6e3a48ee0734c', NULL),
(146, 1, 99, 2, 0, '2019-05-29 00:00:00', '100001', NULL, '91df733abbb13bfebf130bf80b4e0447', NULL),
(147, 1, 200, 2, 0, '2019-05-29 00:00:00', '100001', NULL, '0bc6bc168359c70fe1aa68b91a41cb3e', NULL),
(148, 1, 92, 2, 0, '2019-05-29 00:00:00', '100001', NULL, '6a91c80a3de4d4ba49d8270c84d37130', NULL),
(149, 1, 145, 2, 0, '2019-05-29 00:00:00', '100001', NULL, '1075c63e8cefc75951dcc4a1cc71108d', NULL),
(150, 1, 101, 2, 0, '2019-05-29 00:00:00', '100001', NULL, 'bf8bd36067fffc8b051cf63940ec8505', NULL),
(152, 1, 252, 2, 0, '2019-05-29 00:00:00', '100001', NULL, 'a5946717e3464bdf1cee33dfbad04533', NULL),
(153, 1, 223, 2, 0, '2019-05-29 00:00:00', '100001', NULL, '75f80c00a3ef86a5155c5d24f0c32678', NULL),
(154, 1, 216, 2, 0, '2019-05-29 00:00:00', '100001', NULL, 'e104b4db2a757258c6306255c5584591', NULL),
(155, 1, 216, 2, 0, '2019-05-29 00:00:00', '100001', NULL, 'e104b4db2a757258c6306255c5584591', NULL),
(156, 1, 190, 2, 0, '2019-05-29 00:00:00', '100001', NULL, '9d5fbefec22ea9c9ec0931606c439823', NULL),
(157, 1, 255, 2, 0, '2019-05-29 00:00:00', '101881', NULL, '5286a3c151e3b3162a30f8ce4fd68882', NULL),
(158, 1, 111, 2, 0, '2019-05-29 00:00:00', '101881', NULL, '5912e03b6029eb6f2804ddb436acb87a', NULL),
(159, 1, 256, 2, 0, '2019-05-30 00:00:00', '101881', NULL, 'ab3f568cedb87e28d453c4e4ade98936', NULL),
(160, 1, 254, 2, 0, '2019-05-30 00:00:00', '101881', NULL, '7830f89e4762f7f4a71ccac07b4bcd04', NULL),
(161, 1, 199, 2, 0, '2019-05-30 00:00:00', '101881', NULL, 'a4400780aa0220a87da59ada9e276cfc', NULL),
(162, 1, 235, 2, 0, '2019-05-30 00:00:00', '101881', NULL, '481351a1020ce967bb10a2df0ea4ad10', NULL),
(163, 1, 196, 2, 0, '2019-05-30 00:00:00', '101881', NULL, 'ad5117f069686335414e4904cbe5d1af', NULL),
(164, 1, 204, 2, 0, '2019-05-30 00:00:00', '101881', NULL, '93e46d2db751926d4acdea46b96e4e0c', NULL),
(165, 1, 134, 2, 0, '2019-05-30 00:00:00', '101881', NULL, 'ba88571aac636a2a7e1db6114a0f271b', NULL),
(166, 1, 232, 2, 50000, '2019-05-30 00:00:00', '20193005', NULL, 'ab612a3e82caf3c364d7f9a771eba4af', NULL),
(167, 1, 195, 2, 50000, '2019-05-30 00:00:00', '20193005', NULL, '62d96e77d878bc5a410233d44071995a', NULL),
(168, 1, 46, 2, 50000, '2019-05-30 00:00:00', '20193005', NULL, 'b697f7635ce9f49f708766296d515bc7', NULL),
(169, 1, 250, 2, 50000, '2019-05-30 00:00:00', '20193005', NULL, '0aeeda13b59e199a4472c3ab02cf8756', NULL),
(170, 1, 248, 2, 50000, '2019-05-30 00:00:00', '20193005', NULL, 'f7c1f068b1f616242046ac2663e9524f', NULL),
(171, 1, 53, 2, 50000, '2019-05-30 00:00:00', '20193005', NULL, '4dace5d5a5ebd9bc0152725711a89fa5', NULL),
(172, 1, 45, 1, 50000, '2019-05-30 00:00:00', '241313935', NULL, '345ecbdf289e9261a55746d78f63ae9f', 21),
(173, 1, 160, 2, 0, '2019-05-30 00:00:00', '108', NULL, '5e415cbb622b6884c7adf930f3ba4046', NULL),
(174, 1, 138, 1, 50000, '2019-05-29 00:00:00', '1118255924', NULL, '6efec1c37170225e4c9a1495c28a8240', 23),
(176, 1, 136, 1, 50000, '2019-05-28 00:00:00', '1118450427', NULL, '793f7f33a2ba55a1d5f1fe104d8a0668', NULL),
(177, 1, 211, 1, 0, '2019-05-31 00:00:00', '109', NULL, '04511458c8b551a9939982446640a813', NULL),
(178, 1, 209, 1, 0, '2019-05-31 00:00:00', '109', NULL, '176256e4f74593c2a0be28741073a4f4', NULL),
(179, 1, 249, 1, 0, '2019-05-31 00:00:00', '109', NULL, '4d3012c9f0094dff44754137690a89c3', NULL),
(180, 1, 251, 1, 0, '2019-05-31 00:00:00', '109', NULL, 'bc76c6e1ff2f33cb63d0d8d5664b7046', NULL),
(181, 1, 230, 2, 0, '2019-05-31 00:00:00', '109', NULL, '0b7ef6161a26c3a28a21061d65cab8a6', NULL),
(182, 1, 201, 2, 0, '2019-05-31 00:00:00', '109', NULL, 'c07a5af7098ffdad9fadfe589cafa43b', NULL),
(183, 1, 237, 2, 0, '2019-05-31 00:00:00', '109', NULL, '015674cd0c7e3a301f8ef7994465d1fe', NULL),
(184, 1, 186, 2, 0, '2019-05-31 00:00:00', '109', NULL, '4c950d8696e6cf6110f3accdfffe73fd', NULL),
(185, 1, 227, 2, 0, '2019-05-31 00:00:00', '109', NULL, 'e159ee95ec957a872e565821e9a5d79f', NULL),
(186, 1, 222, 2, 0, '2019-05-31 00:00:00', '109', NULL, 'd03004b2e1e78d0d6fc9bc094bd32b14', NULL),
(187, 1, 233, 2, 0, '2019-05-31 00:00:00', '109', NULL, '613c74367a403287d85368679efa4966', NULL),
(188, 1, 193, 2, 0, '2019-05-31 00:00:00', '109', NULL, 'be8bc0cb36bd668de7cb307a70ac0a65', NULL),
(189, 1, 157, 2, 0, '2019-05-31 00:00:00', '109', NULL, '32e08381a6c1aeb2b6b94e3819c94fc5', NULL),
(190, 1, 253, 2, 0, '2019-05-31 00:00:00', '109', NULL, '354a00dec540830241fc2429d669140d', NULL),
(191, 1, 188, 2, 0, '2019-05-31 00:00:00', '109', NULL, 'f06317c43dd7444cacb5ba56da4c0780', NULL),
(192, 1, 282, 2, 0, '2019-05-31 00:00:00', '111', NULL, '3d1a94f3374ae2968d40252a2f995ef4', NULL),
(193, 1, 281, 2, 0, '2019-05-31 00:00:00', '111', NULL, '7ba469e482dbc6f0f3d9b80745371eff', NULL),
(194, 1, 280, 2, 0, '2019-05-31 00:00:00', '111', NULL, 'ea7708b74a67f00fdb6b6ab2651d8da6', NULL),
(195, 1, 279, 2, 0, '2019-05-31 00:00:00', '112', NULL, 'f184ebf67c377f92b4de5bb0cbdd831e', NULL),
(196, 1, 278, 2, 0, '2019-05-31 00:00:00', '112', NULL, 'f46d7830f9f33438cd779341e0bab9b3', NULL),
(197, 1, 277, 2, 0, '2019-05-31 00:00:00', '112', NULL, '3fa0e68bd227d7adefbf578298461072', NULL),
(198, 1, 276, 2, 0, '2019-05-31 00:00:00', '112', NULL, 'edfef8a788e6bf95ed2b38d887bef0c5', NULL),
(199, 1, 275, 2, 0, '2019-05-31 00:00:00', '201905312', NULL, 'ea6935b380a07eab496b48782f338666', NULL),
(200, 1, 274, 2, 0, '2019-05-31 00:00:00', '201905312', NULL, 'a95a0790c16491279e0592ca2daa9fb4', NULL),
(201, 1, 273, 2, 0, '2019-05-31 00:00:00', '201905312', NULL, '512c7791010400285066a2e0e9653dcd', NULL),
(202, 1, 272, 2, 0, '2019-05-31 00:00:00', '201905312', NULL, '583ded1e0d593103b4fb1f88b6686918', NULL),
(203, 1, 272, 2, 0, '2019-05-31 00:00:00', '201905312', NULL, '583ded1e0d593103b4fb1f88b6686918', NULL),
(204, 1, 271, 2, 0, '2019-05-31 00:00:00', '201905312', NULL, '5d94d80296fcc2648a64f0e34cfbecd3', NULL),
(205, 1, 270, 2, 0, '2019-05-31 00:00:00', '113', NULL, '6b3ebe5b799b52462775b71c0453526d', NULL),
(206, 1, 269, 2, 0, '2019-05-31 00:00:00', '113', NULL, 'b5e90140b6f6e8e1ec9931373cbde81c', NULL);

-- --------------------------------------------------------

--
-- Estructura de tabla para la tabla `personas`
--

CREATE TABLE `personas` (
  `id` int(11) NOT NULL,
  `nombres` varchar(255) COLLATE utf8_spanish2_ci DEFAULT NULL,
  `apellidos` varchar(255) COLLATE utf8_spanish2_ci DEFAULT NULL,
  `nrodoc` varchar(100) COLLATE utf8_spanish2_ci DEFAULT NULL,
  `genero` varchar(1) COLLATE utf8_spanish2_ci DEFAULT NULL,
  `telefono` varchar(45) COLLATE utf8_spanish2_ci DEFAULT NULL,
  `ciudad` varchar(255) COLLATE utf8_spanish2_ci DEFAULT NULL,
  `ocupacion` varchar(255) COLLATE utf8_spanish2_ci DEFAULT NULL,
  `empresa` varchar(255) COLLATE utf8_spanish2_ci DEFAULT NULL,
  `cargo` varchar(255) COLLATE utf8_spanish2_ci DEFAULT NULL,
  `email` varchar(255) COLLATE utf8_spanish2_ci DEFAULT NULL,
  `tipos_documento_id` int(11) DEFAULT NULL,
  `aceptaterminos` tinyint(1) NOT NULL,
  `activo` tinyint(1) NOT NULL DEFAULT '0',
  `fecha_registro` datetime NOT NULL DEFAULT CURRENT_TIMESTAMP,
  `categoria` int(11) DEFAULT NULL,
  `nombre_completo` varchar(255) COLLATE utf8_spanish2_ci DEFAULT NULL
) ENGINE=InnoDB DEFAULT CHARSET=utf8 COLLATE=utf8_spanish2_ci;

--
-- Volcado de datos para la tabla `personas`
--

INSERT INTO `personas` (`id`, `nombres`, `apellidos`, `nrodoc`, `genero`, `telefono`, `ciudad`, `ocupacion`, `empresa`, `cargo`, `email`, `tipos_documento_id`, `aceptaterminos`, `activo`, `fecha_registro`, `categoria`, `nombre_completo`) VALUES
(35, 'César Orlando', 'Plaza Gómez', '98668286', 'H', '3114915115', 'Carepa', 'Empresario', 'Grupo TCO', 'CEO', 'grupotcoseal@gmail.com', 1, 0, 0, '2019-04-17 13:08:52', NULL, NULL),
(36, 'María Catalina ', 'Caro echeverri', '43220435', 'M', '3116005651', 'Apartado', 'Gerente', 'Aseintegra', 'Gerente', 'mcaro_echeverri@hotmail.com', 1, 0, 0, '2019-04-17 13:10:49', NULL, NULL),
(37, 'Juan camilo', 'Gil echeverri', '71776490', 'H', '3116005651', 'Apartado', 'Gerente', 'Ip tecnologia', 'Gerente', 'Jucagil@hotmail.com', 1, 0, 0, '2019-04-17 13:29:19', NULL, NULL),
(38, 'Aura Cristina ', 'CARO ECHEVERRI', '1037628050', 'M', '3012423909', 'Apartado', 'Directora', 'Aceintegra', 'Directora', 'Auracaro7@hotmail.com', 1, 0, 0, '2019-04-17 13:30:57', NULL, NULL),
(39, 'Sonia ', 'ECHEVERRI alvarez ', '39401426', 'M', '3116005651', 'Apartado', 'Directora', 'Aceintegra', 'Directora', 'Cyeasesoriasintegrales@gmail.com', 1, 0, 0, '2019-04-17 13:32:04', NULL, NULL),
(40, 'Jenny Carolina ', 'Cely Espitia', '1121835988', 'M', '3007048239', 'Carepa', 'Comunicadora Social', 'Cuarto Poder', 'Representante Legal', 'jennycelyespitia@hotmail.com', 1, 0, 0, '2019-04-17 13:32:05', NULL, NULL),
(41, 'Ofelia', 'ECHEVERRI alvarez', '43049273', 'M', '3006552622', 'Apartado', 'Directora', 'Aceintegra', 'Directora', 'Ofeliaecheverri@hotmail.com', 1, 0, 0, '2019-04-17 13:33:23', NULL, NULL),
(42, 'Ana melissa', 'CARO ECHEVERRI', '1027428573', 'M', '3116005651', 'Apartado', 'Abogada', 'Aceintegra', 'Abogada', 'Melissacaro28@hotmail.com', 1, 0, 0, '2019-04-17 13:34:55', NULL, NULL),
(43, 'SARA SMITH', 'CORTES ESPITIA', '1038818927', 'M', '3226906905', 'Carepa', 'Comunicadora Social', 'Cuarto Poder', 'COMUNICADORA SOCIAL', 'sarita368@hotmail.com', 1, 0, 0, '2019-04-17 17:54:45', NULL, NULL),
(44, 'Alejandro ', 'Marin Zuluaga ', '71338044', 'H', '3226505389', 'Apartadó ', 'Ingeniero Electricista ', 'Bioaires del Darien sas', 'Gerente', 'bioairesdarien@gmail.com', 1, 0, 0, '2019-04-18 15:51:22', NULL, NULL),
(45, 'mylleis vanessa ', 'nuñez severiche ', '1067969417', 'M', '3046132117', 'monteria ', 'especialista en negoios internacionales ', 'N&S CONSTRUCCIONES S.A.S', 'ASESOR DE NEGOCIOS Y FINANZAS ', 'mylleisnn@gmail.com', 1, 0, 0, '2019-04-22 07:44:03', NULL, NULL),
(49, 'JAIME ALONSO', 'COSSIO MORALES ', '71776726', 'H', '3217917310', 'APARTADÓ', 'INGENIERO CIVIL', 'DIQUE CONSTRUCTORES', 'DIRECTOR DE OBRA', 'diqueconstruccionessas@gmail.com', 1, 0, 0, '2019-05-02 12:57:59', NULL, NULL),
(50, 'LUIS ENRIQUE', 'MEDINA ARIAS', '11301409', 'H', '3115520397', 'BOGOTA', 'INGENIERO CATASTRAL', 'GOBERNACION DE CUNDINAMARCA', 'Ingeniero', 'luisenrique.medinaarias@hotmail.com', 1, 0, 0, '2019-05-06 13:28:54', NULL, NULL),
(51, 'Ana Maria', 'Cadavid', '438634595', 'M', '3148906290', 'Medellin', 'Ingeniera ambiental', 'Indepediente', 'Asesora', 'anacadavid22@gmail.com', 1, 0, 0, '2019-05-09 11:51:46', NULL, NULL),
(52, 'Jorge Humberto', 'Ochoa Botero', '70105416', 'H', '3007871969', 'Carepa', 'Ingeniero electricista', 'Diselectricos SAS', 'Gerente-Propietario', 'diselectricos@gmail.com', 1, 0, 0, '2019-05-10 04:10:20', NULL, NULL),
(53, 'Andrés ', 'Campo Laguna', '1067936361', 'H', '3127612671', 'Montería', 'Ingeniero ambiental', 'Universidad de Córdoba', 'Estudiante', 'acampo28.acl@gmail.com', 1, 0, 0, '2019-05-10 10:13:48', NULL, NULL),
(54, 'oswaldo ', 'gomez maza', '1049827809', 'H', '3202500872', 'apartado', 'tecnologo electricista', 'independiente', 'independiente', 'oswaldo.gw@gmail.com', 1, 0, 0, '2019-05-12 07:43:56', NULL, NULL),
(55, 'ANDREA LORENA', 'FLOREZ GALLEGO', '43593768', 'M', '3134284604', 'Apartado', 'Empresaria', 'EnfocaT SAS', 'Representante Legal', 'enfocatentuidea@gmail.com', 1, 0, 0, '2019-05-13 09:03:52', NULL, NULL),
(56, 'Cristian Camilo ', 'Gomez Cordoba', '1045524678', 'H', '3126388089', 'Turbo', 'Estudiante de derecho ', 'Travel Easy', 'Propietario', 'Kristian-cordoba@hotmail.com', 1, 0, 0, '2019-05-13 09:43:16', NULL, NULL),
(57, 'Didier Alonso', 'Mosquera Salinas', '71352337', 'H', '3023387444', 'Turbo', 'Ingeniero Ambiental', 'Alcaldía Distrital de Turbo', 'Técnico de Salud Ambiental', 'didiersalinas1983@gmail.com', 1, 0, 0, '2019-05-13 11:44:18', NULL, NULL),
(59, 'karen', 'Urrego Berrío', '1037631013', 'M', '3045769615', 'apartado', 'ing ambiental', 'C.I Unibán S.A', 'practicante', 'karen94ub@hotmail.com', 1, 0, 0, '2019-05-16 08:16:02', NULL, NULL),
(60, 'Fabian', 'Villafane', '12345678', 'H', '3124567894', 'Monteria', 'Ingeniero Geologo', 'Universidad de Córdoba', 'Docente', 'foroenergia@linkeventt.com', 1, 0, 0, '2019-05-16 11:05:45', NULL, NULL),
(61, 'Aida Marcela ', 'Diaz Rodriguez', '42162360', 'M', '3148921915', 'Apartado', 'Electricista', 'Compuelectricos', 'Gerente', 'proyectoselectricosamd@gmail.com', 1, 0, 0, '2019-05-16 12:45:28', NULL, NULL),
(62, 'Jorge Alirio', 'Barbosa Remolina', '91075569', 'H', '3148921915', 'Apartado', 'Electricista', 'SENA', 'Instructor', 'gioryiok@hotmail.com', 1, 0, 0, '2019-05-16 12:49:50', NULL, NULL),
(63, 'Antonio ', 'Ruiz ', '94074082', 'H', '3186910921', 'Medlin', 'Empresario', 'Unitec usa ', 'Gerente cánal mayor ', 'canalmayorista@unitecusa.com.co', 1, 0, 0, '2019-05-18 10:51:27', NULL, NULL),
(64, 'Daniela ', 'Lobos Rios', '1027960141', 'M', '3187077521', 'Apartado', 'Administradora de Empresas', 'Augura', 'Asistente Dirección Regional', 'dlobos@augura.com.co', 1, 0, 0, '2019-05-20 06:28:42', NULL, NULL),
(65, 'Jose Eustaquio ', 'Chaverra Hinestroza ', '1027945672', 'H', '3113938118', 'Apartadó ', 'Ingeniero ambiental ', 'SOINTEG HSEQ ', 'Gerente ', 'Sointeghseq@gmail.com', 1, 0, 0, '2019-05-20 15:21:14', NULL, NULL),
(66, 'DAVID ALEJANDRO ', 'DIAZ RODRIGUEZ', '1006246718', 'H', '3235140538', 'Apartado', 'COMERCIANTE', 'INDUSTRIA SOLAR', 'Gerente', 'proyectoselectricosamd@gmail.co', 1, 0, 0, '2019-05-20 18:24:46', NULL, NULL),
(67, 'Humberto ', 'Velásquez ', '1038812085', 'H', '3137458456', 'Chigorodó', 'Concejal ', 'Concejo Municipal de Chigorodó', 'Concejal Municipal', 'humbertoconcejochigorodo@gmail.com', 1, 0, 0, '2019-05-20 23:16:28', NULL, NULL),
(68, 'Nectali', 'Cano', '71792005', 'H', '3014087472', 'Apartadó', 'Comunicador', 'EPM', 'Comunicador ', 'nectacano@gmail.com', 1, 0, 0, '2019-05-21 05:34:14', NULL, NULL),
(70, 'JUAN GUILLERMO', 'SALAZAR SERNA', '70108478', 'H', '3116170107', 'APARTADÓ', 'GEÓLOGO', 'SIG & AMBIENTE', 'GERENTE', 'sigambiente@yahoo.es', 1, 0, 0, '2019-05-21 06:12:28', NULL, NULL),
(71, 'Camilo', 'Cervantes', '1067873268', 'H', '3053556521', 'Montería', 'Ingeniero de Sistemas', 'Universidad de Córdoba', 'Desarrollador web', 'ccervantessalazar@correo.unicordoba.edu.co', 1, 0, 0, '2019-05-21 06:14:34', NULL, NULL),
(76, 'Carlos Eduardo', 'Garcia Zabala', '70093693', 'H', '3206888719', 'NA', 'NA', 'NA', 'NA', 'cegarcia.igz@gmail.com', 1, 0, 0, '2019-05-21 06:58:53', NULL, NULL),
(102, 'Wilfreth Evelio', 'Balvin Lopera', '71799087', 'H', '3148140405', 'Chigorodó', 'Zootecnista', 'Aganar', 'Miembro Junta Directiva', 'aganarchigorodo@gmail.com', 1, 0, 0, '2019-05-21 21:17:51', NULL, NULL),
(103, 'Juan Carlos ', 'Burgos portillo', '1067904608', 'H', '3113005571', 'Montería ', 'Abogado', 'Grupo empresarial Lawerburgos ', 'Director', 'Pypasesorias@hotmail.com', 1, 0, 0, '2019-05-22 05:41:10', NULL, NULL),
(104, 'Alfredo ', 'Jaramillo Vélez', '8026710', 'H', '3014621028', 'Turbo', 'Ing Ambiental / Docente', 'UdeA', 'Coordinador de Ing Oceanográfica', 'alfredo.jaramillov@udea.edu.co', 1, 0, 0, '2019-05-22 07:53:21', NULL, NULL),
(105, 'Beatriz Elena', 'Carmona Higuita', '39422620', 'M', '3207437730', 'Mutata', 'Profesional Agrónomo', 'Alcaldía Mutata', 'Directora de turismo', 'beatrizcarmona06@gmail.com', 1, 0, 0, '2019-05-22 07:55:14', NULL, NULL),
(106, 'Vladimir ', 'Toro Valencia', '15383876', 'H', '3104361249', 'Turbo', 'Oceanógrafo Físico', 'Universidad de Antioquia', 'Docente Investigador', 'vladimir.toro@udea.edu.co', 1, 0, 0, '2019-05-22 08:04:41', NULL, NULL),
(107, 'Liliana Marcela ', 'Palencia Correa', '39426893', 'M', '3014040525', 'Apartadó', 'Administradora de Empresas', 'Universidad de Antioquia', 'Profesional de Innovación', 'uraba@parquedelemprendimiento.com', 1, 0, 0, '2019-05-22 08:07:40', NULL, NULL),
(108, 'heyler', 'palacio panesso', '71987277', 'H', '3107125744', 'turbo ', 'abogado', 'inversiones palacio cortes-mundo solar', 'representante legal', 'heylerpalacios@hotmail.com', 1, 0, 0, '2019-05-22 09:04:34', NULL, NULL),
(109, 'Keider ', 'Murillo Cordoba', '1192723880', 'H', '3219736266', 'Apartado', 'Empleado', 'JCGLOBAL GRUPO INMOBILIARIO SA', 'Marketing Digital', 'admonjcglobal@gmail.com', 1, 0, 0, '2019-05-22 09:26:50', NULL, NULL),
(110, 'sergio andres', 'marmolejo lambertino', '1045499760', 'H', '3128287453', 'turbo', 'electricista', 'inversiones palacio cortes-mundo solar', 'tecnico', 'sergiolambertino30@hotmail.com', 1, 0, 0, '2019-05-22 10:06:59', NULL, NULL),
(111, 'JULIANA', 'QUIÑONES VERNAZA', '53120790', 'M', '3178716140', 'BOGOTA', 'DISEÑADORA', 'FUNDACIÓN MIMA', 'DIRECTOR DE PROYECTOS AMBIENTALES', 'juliana.quinover@gmail.com', 1, 0, 0, '2019-05-22 12:52:44', NULL, NULL),
(112, 'Ana María', 'Zabala Agudelo', '1017146098', 'M', '3012825836', 'Apartadó', 'Bióloga', 'UdeA', 'Coordinadora de Investigación', 'investigacionuraba@udea.edu.co', 1, 0, 0, '2019-05-22 14:37:40', NULL, NULL),
(113, 'Ruth Emira ', 'Garcés Albornoz', '54254780', 'M', '3104519986', 'Apartadó ', 'Docente', 'Institución Educativa Cadena Las Playas', 'Rectora', 'ruthemirag@gmail.com', 1, 0, 0, '2019-05-22 18:26:27', NULL, NULL),
(114, 'MELANIA', 'MENDEZ', '43149398', 'M', '3126327593', 'ARBOLETES', 'POLITÓLOGA', 'ECOCONCIENCIA SOLUCIONES AMBIENTALES', 'REPRESENTANTE LEGAL', 'melanime21@gmail.com', 1, 0, 0, '2019-05-23 07:44:07', NULL, NULL),
(115, 'Daniela Andrea', 'Ortiz Munera', '1045520648', 'M', '3209173362', 'Turbo', 'estudiante', 'Universidad de Antioquia', 'Estudiante', 'dandrea.ortiz@udea.edu.co', 1, 0, 0, '2019-05-23 09:32:35', NULL, NULL),
(116, 'Wilmar Johani', 'Posada Zapata', '71941550', 'H', '3136832382', 'Apartado', 'Ingeniero Administrador', 'IE Cadena Las Playas', 'Docente', 'wilmar1550@ie-cadenalasplayas.edu.co', 1, 0, 0, '2019-05-23 12:05:30', NULL, NULL),
(117, 'Andrés ', 'Agudelo ', '1038813849', 'H', '3154914072', 'Chigorodó ', 'Independiente ', 'Patacon.com', 'CEO', 'yagudelohen@uniminuto.edu.co', 1, 0, 0, '2019-05-23 12:19:46', NULL, NULL),
(118, 'Yury caterine ', 'Calderón urrego ', '1040378465', 'M', '3233962241', 'TURBO', 'Estudiante ', 'Universidad de Antioquia ', 'Estudiante ', 'yury_calderon@hotmail.com', 1, 0, 0, '2019-05-23 12:22:40', NULL, NULL),
(119, 'Javier Gustavo', 'López Sánchez', '70510872', 'H', '3104407376', 'Carepa', 'Docente', 'Universidad de Antioquia', 'Docente', 'jgustavo.lopez@udea.edu.co', 1, 0, 0, '2019-05-23 14:44:00', NULL, NULL),
(120, 'julio enrique', 'Gonzalez Restrepo', '8412505', 'H', '3108240916', 'carepa ', 'Tecnologo Agropecuario  ', 'independiente', 'gerente de campaña ', 'representacioneslagonzalera@gmail.com', 1, 0, 0, '2019-05-23 15:02:21', NULL, NULL),
(121, 'Gregorio ', 'chavez lopez', '8333314', 'H', '3206187456', 'carepa ', 'comerciante ', 'independiente', 'candidato a la alcaldía ', 'cambioradical2017@hotmail.com', 1, 0, 0, '2019-05-23 15:28:59', NULL, NULL),
(122, 'Edith ', 'Gómez Gutierrez', '43656752', 'M', '3174392593', 'Apartadó', 'Gestora Social', 'Ingelectrica', 'Gestora Social', 'ggep11@gmail.com', 1, 0, 0, '2019-05-23 19:52:46', NULL, NULL),
(123, 'Santiago Abraham ', 'Montoya Tamayo', '71264810', 'H', '3007795867', 'Medellín', 'Ingenierio Mecanico', 'Bancolombia S.A.', 'Especialista de sostenibilidad', 'santimon@bancolombia.com.co', 1, 0, 0, '2019-05-24 13:29:17', NULL, NULL),
(124, 'Sandra Patricia', 'Delgado Cano', '39410187', 'M', '3152714174', 'Uraba', 'Administradora de empresas', 'Bancolombia S.A.', 'Gerente Sucursal Carepa 831', 'spdelgad@bancolombia.com.co', 1, 0, 0, '2019-05-24 13:44:40', NULL, NULL),
(125, 'Maria Antonieta ', 'Restrepo Hurtado', '42888544', 'M', '3158292947', 'Medellín', 'Administrador de empresas', 'Bancolombia S.A.S.', 'Gerente de Zona Norte Antioquia', 'marestre@bancolombia.com.co', 1, 0, 0, '2019-05-24 13:48:15', NULL, NULL),
(126, 'CARLOS MARIO', 'BETANCUR TIRADO', '70072128', 'H', '3117690162', 'APARTADO', 'ADMINISTRADOR DE EMPRESAS', 'FINCA CIBELES SA', 'GERENTE', 'fdezcur@edatel.net.co', 1, 0, 0, '2019-05-24 14:57:46', NULL, NULL),
(127, 'Ana Maria', 'Ocampo Duarte ', '43988026', 'M', '3122848834', 'Apartado', 'Empleada', 'Bancolombia', 'Ejecutiva Senior pyme', 'Anmocamp@bancolombia.com.co', 1, 0, 0, '2019-05-24 16:02:52', NULL, NULL),
(128, 'FLOR GERTRUDIS', 'LEZCANO CARVAJAL', '21744735', 'M', '3158172306', 'APARTADO', 'EMPLEADA', 'BANCOLOMBIA', 'GERENTE DE SUCURSAL', 'FLEZCANO@BANCOLOMBIA.COM.CO', 1, 0, 0, '2019-05-24 16:35:31', NULL, NULL),
(129, 'ARNALDO ', 'MORALES TORRES', '6876743', 'H', '3155041776', 'APARTADO', 'INDEPENDIENTE', 'ARNALDO MORALES SAS', 'GERENTE', 'ARMOTO57@GMAIL.COM', 1, 0, 0, '2019-05-24 16:37:16', NULL, NULL),
(130, 'Clara Ines', ' Durango Moreno ', '39407748', 'M', '3216395140', 'Apartado', 'Comerciante', 'Clara Ines Durango Moreno ', 'Gerente', 'claritadurango@hotmail.com', 1, 0, 0, '2019-05-25 06:45:53', NULL, NULL),
(131, 'Nelson', 'Orozco Monsalve', '71270459', 'H', '3113297483', 'Apartado', 'Comerciante', 'Nelson Orozco Monsalve', 'Gerente', 'nelsonorozcom@gmail.com', 1, 0, 0, '2019-05-25 06:52:03', NULL, NULL),
(132, 'Angela María', 'Castrillón Ayala', '1001030813', 'M', '3116848960', 'Apartadó', 'Estudiante', 'Institución Educativa José Celestino Mutis', 'Estudiante', 'angelacastrilon11@gmail.com', 3, 0, 0, '2019-05-25 11:30:57', NULL, NULL),
(133, 'Rafael', 'Cervantes', '8244883', 'H', '3114149981', 'Monteria', 'Periodista', 'Periódico Tierra Caliente', 'Director', 'periodicotierracaliente@gmail.com', 1, 0, 0, '2019-05-27 06:13:59', NULL, NULL),
(134, 'Lina Marcela ', 'Vega montoya', '1033371669', 'M', '3113571607', 'Apartado', 'Empleada ', 'Futuraseo', 'Directora administrativa ', 'Administrador@futuraseo.com', 1, 0, 0, '2019-05-27 10:08:13', NULL, NULL),
(135, 'Luis horacio', 'Hernández zapata', '98477218', 'H', '3217220971', 'Apartado', 'Empleado', 'Ladrillera uraba', 'Jefe de planta ', 'Cilusa.produccion@hotmail.com', 1, 0, 0, '2019-05-27 10:12:46', NULL, NULL),
(136, 'Edgar Alfonso', 'Silva Gonzalez', '79324075', 'H', '3146321315', 'apartado', 'Ingeniero', 'Alumbrado Publico', 'Gerente', 'Gerente@apuraba.com', 1, 0, 0, '2019-05-27 11:44:33', NULL, NULL),
(137, 'LINA MARIA ', 'MARIN RAMIREZ', '41938446', 'M', '3006820073', 'Medelllin', 'CONTADOR PUBLICO', 'TIGO', 'COORDINADOR ADMINISTRATIVO', 'lmmarinr@tigo.com.co', 1, 0, 0, '2019-05-27 11:51:28', NULL, NULL),
(138, 'Beatriz Elena ', 'Usuga Tamayo', '43417346', 'M', '3006135865', 'APARTADÓ', 'Gerente', 'Construmetales El Golfo', 'Gerente', 'gerenciag@grupoelgolfo.com', 1, 0, 0, '2019-05-27 12:10:13', NULL, NULL),
(139, 'Jhonny', 'Carvajal Gaviria', '71242799', 'H', '3193760894', 'APARTADÓ', 'Gerente', 'JC Global Inmobiliaria', 'Gerente', 'jcglobalcolombia@gmail.com', 1, 0, 0, '2019-05-27 12:12:09', NULL, NULL),
(140, 'Juan Sebastian', 'Albarracin', '8358461', 'H', '3046401015', 'APARTADÓ', 'Arquitecto', 'Diseño Vertical', 'Gerente', 'sebasalbarracin5@hotmail.com', 1, 0, 0, '2019-05-27 12:18:18', NULL, NULL),
(141, 'Felipe', 'Muñoz Marín', '1027943910', 'H', '3006843831', 'Apartadó ', 'Ingeniero Civil', 'Diseño Vertical', 'Ingeniero Residente', 'felipe.civil78@gmail.com', 1, 0, 0, '2019-05-27 12:20:31', NULL, NULL),
(142, 'Jose Luis ', 'Aldana Arrieta', '12722970', 'H', '3206940005', 'Apartadó', 'Ingeniero Civil', 'Ingesuelos Concalidad', 'Gerente ', 'josealdana45@yahoo.es', 1, 0, 0, '2019-05-27 12:22:40', NULL, NULL),
(143, 'Roberto Dionisio', 'Pineda', '71932378', 'H', '3058095664', 'Apartadó', 'Ingeniero Civil', 'Ingenieria y Perforaciones', 'Representante Legal', 'rodiopi60@hotmail.com', 1, 0, 0, '2019-05-27 12:25:05', NULL, NULL),
(144, 'Juan Alberto', 'Pino', '71939673', 'H', '3207701896', 'Apartadó', 'Topografo', 'Topografia, diseños y construcciones J.P.', 'Gerente', 'topografojuanpino1970@hotmail.com', 1, 0, 0, '2019-05-27 12:27:09', NULL, NULL),
(145, 'Sara ', 'Perez ', '32297501', 'M', '3127817604', 'Apartadó', 'Administración de negocios', 'Fenix Ingenieria ', 'Gerente ', 'gerencia.fenixid@gmail.com', 1, 0, 0, '2019-05-27 12:34:02', NULL, NULL),
(146, 'Carlos Alberto', 'Vanegas Bueno', '80073846', 'H', '3127817604', 'Apartadó', 'Ingeniero Mecátronico', 'TecnoCortes', 'Gerente', 'tecnocortes@hotmail.com', 1, 0, 0, '2019-05-27 12:38:21', NULL, NULL),
(147, 'Juan Camilo ', 'Losada Vidarte', '71787492', 'H', '3206759923', 'Apartadó', 'Gerente', 'Inmobiliaria Occidente', 'Gerente', 'ventas@inmobiliariadeoccidente.com', 1, 0, 0, '2019-05-27 12:43:26', NULL, NULL),
(148, 'Liliana', 'Cano Becerra', '39439780', 'M', '3116077993', 'Apartadó', 'Gerente', 'Invertirbienes', 'Gerente', 'invertirbienes@gmail.com', 1, 0, 0, '2019-05-27 12:45:19', NULL, NULL),
(149, 'Cristian', 'Estrada', '10172086114', 'H', '3208172207', 'Apartadó', 'Ingeniero Civil', 'Constructora Cootraban', 'Ingeniero Residente', 'cristian.estradac@outlook.com', 1, 0, 0, '2019-05-27 12:49:41', NULL, NULL),
(150, 'Clara Ines', 'Sierra ', '57448233', 'M', '3104261378', 'Apartadó', 'Arquitecta', 'Constructora Cootraban', 'Jefe de Constructora', 'clasiga20@gmail.com', 1, 0, 0, '2019-05-27 12:51:48', NULL, NULL),
(151, 'Tatiana', 'Suarez Granados', '43874378', 'M', '8280337', 'Apartadó', 'Gerente', 'Electrourabá', 'Gerente', 'electrouraba@hotmail.com', 1, 0, 0, '2019-05-27 12:53:38', NULL, NULL),
(152, 'Eisinhower', 'Rincón Vargas', '1039698904', 'M', '3116320352', 'Apartadó', 'Ingeniero Ambiental', 'Universidad de Antioquia', 'Profesor', 'eisinhower.rincon@udea.edu.co', 1, 0, 0, '2019-05-27 13:06:56', NULL, NULL),
(153, 'YEISON ANDRES', 'CARABALI GARCES', '1088240758', 'H', '3137675280', 'APARTADÓ', 'INSTRUCTOR ', 'SENA', 'INSTRUCTOR', 'jacg07@hotmail.com', 1, 0, 0, '2019-05-27 13:15:02', NULL, NULL),
(154, 'DIEGO FERNANDO ', 'RESTREPO RAMIREZ', '71798049', 'H', '8260795', 'APARTADÓ', 'INSTRUCTOR', 'SENA', 'INSTRUCTOR', 'diegorestrepo.ing@gmail.com', 1, 0, 0, '2019-05-27 13:17:26', NULL, NULL),
(155, 'CARLOS FELIPE NEGRETE PETRO ', 'CARLOS FELIPE NEGRETE PETRO ', '1064999036', 'H', '3043950534', 'APARTADÓ', 'INSTRUCTOR', 'SENA', 'INSTRUCTOR', 'carlosfelipe-21@hotmail.com', 1, 0, 0, '2019-05-27 13:19:18', NULL, NULL),
(156, 'DARWIN JAIR ', 'CORDOBA ASPRILLA', '71381650', 'H', '3104644547', 'APARTADÓ', 'INSTRUCTOR', 'SENA', 'INSTRUCTOR', 'djcordobae@hotmail.com', 1, 0, 0, '2019-05-27 13:21:15', NULL, NULL),
(157, 'Jose Luis', 'Osorio Iglesias', '1028008085', 'H', '3054494214', 'Apartadó', 'Gerente', 'Corporación Cultura Puerto', 'Gerente ', 'urabaculturapuerto@gmail.com', 1, 0, 0, '2019-05-27 13:50:25', NULL, NULL),
(158, 'JOSE DAVID', 'FRANCO LONDOÑO', '71604145', 'H', '3002517288', 'NA', 'NA', 'NA', 'NA', 'davidfranco71@gmail.com', 1, 0, 0, '2019-05-27 14:28:32', NULL, NULL),
(159, 'MODESTO', 'RESTREPO ZAPATA', '15340597', 'H', '3218102896', 'NA', 'NA', 'NA', 'NA', 'mrestrepo@sena.edu.co', 1, 0, 0, '2019-05-27 14:31:07', NULL, NULL),
(160, 'JOSE ROMALDO', 'MOSQUERA GIRALDO', '71983748', 'H', '3218162484', 'NA', 'NA', 'NA', 'NA', 'jmosquera@sena.edu.co', 1, 0, 0, '2019-05-27 14:32:26', NULL, NULL),
(161, 'ARLEY ALONSO', 'ZEA TREJOS', '8324167', 'H', '3004696753', 'NA', 'NA', 'NA', 'NA', 'arley_zea@hotmail.com', 1, 0, 0, '2019-05-27 14:33:26', NULL, NULL),
(162, 'RODNEY GENTIL', 'BOLAÑOS LOPEZ', '1032371379', 'H', '3142059052', 'NA', 'NA', 'NA', 'NA', 'rodney072@misena.edu.co', 1, 0, 0, '2019-05-27 14:34:36', NULL, NULL),
(163, 'JOSE RAFAEL', 'MOSQUERA RUIZ', '1064979763', 'H', '3004839331', 'NA', 'NA', 'NA', 'NA', 'rafamoske@gmail.com', 1, 0, 0, '2019-05-27 14:35:35', NULL, NULL),
(164, 'Jeiler Henrrique ', 'Mosquera Payares', '1027963307', 'H', '3128653975', 'NA', 'NA', 'NA', 'NA', 'supervicionderedes@gmail.com', 1, 0, 0, '2019-05-27 14:36:43', NULL, NULL),
(165, 'YURI TARCICIO ', 'TUÑON PADILLA', '8565078', 'H', '3104138238', 'NA', 'NA', 'NA', 'NA', 'yurituon@yahoo.es', 1, 0, 0, '2019-05-27 14:37:41', NULL, NULL),
(166, 'SERGIO ENRIQUE ', 'CARTAGENA MARTINEZ', '15033058', 'H', '3217120231', 'NA', 'NA', 'NA', 'NA', 'scmingeniero@misena.edu.co', 1, 0, 0, '2019-05-27 14:38:29', NULL, NULL),
(167, 'Yirson', 'Ramos Osorio', '1192727161', 'H', '3223157609', 'chigorodó', 'estudiante', 'Universidad de Antioquia', 'estudiante', 'yirson.ramos@udea.edu.co', 1, 0, 0, '2019-05-27 15:23:03', NULL, NULL),
(168, 'Kelly Viviana', 'Moreno Ruiz', '1001032124', 'M', '3146325302', 'Carepa', 'Estudiante', 'Universidad de Antioquia', 'Estudiante', 'kelly.moreno1@udea.edu.co', 1, 0, 0, '2019-05-27 15:28:06', NULL, NULL),
(169, 'Ivonneth ', 'Henao', '29135594', 'M', '3116896322', 'Apartadó ', 'Administradora de Empresas ', '¡Y AJÁ! CLASIPUBLITODO S.A.S,. ', 'Gerente ', 'gerencia@y-aja.com', 1, 0, 0, '2019-05-27 16:49:15', NULL, NULL),
(170, 'Samir David ', 'Velasquez Lara', '1027948898', 'H', '3023963093', 'Apartadó ', 'Estudiante ', 'Universidad de Antioquia ', 'Estudiante ', 'sdavid.velasquez@udea.edu.co', 1, 0, 0, '2019-05-27 17:05:40', NULL, NULL),
(171, 'Daniela', 'Viera Garcia', '1152465293', 'M', '3108125704', 'Turbo', 'Estudiante', 'Universidad Pontificia Bolivariana ', 'Estudiante', 'danielavieragarcia@hotmail.com', 1, 0, 0, '2019-05-27 17:35:08', NULL, NULL),
(172, 'Karen Lorena', 'Llorente Quiñones', '1045516717', 'M', '3215997019', 'Turbo', 'Estudiante', 'Universidad de Antioquia', 'Estudiante', 'Karen.llorennte@udea.edu.co', 1, 0, 0, '2019-05-27 19:12:17', NULL, NULL),
(173, 'Esteban', 'Viera García ', '1007847585', 'H', '3504060608', 'Turbo ', 'Estudiante ', 'Universidad de Antioquia ', 'Estudiante ', 'estebanvieragarcia@hotmail.com', 1, 0, 0, '2019-05-27 20:34:12', NULL, NULL),
(174, 'Martha Luz', 'Hernández Osorio', '42753548', 'M', '3103906424', 'Apartadó', 'Gerente', 'Cardecon', 'Gerente', 'gerenciaadministrativa@cardecon.com.co', 1, 0, 0, '2019-05-27 20:45:51', NULL, NULL),
(175, 'Liliana', 'Torres betancourth', '1082873761', 'M', '3017621667', 'Apartadó', 'Gerente ', 'GRAIN MUSTARD INVESTMENTS GROUP SAS', 'GERENTE FINANCIERA', 'ltorresgmi@gmail.com', 1, 0, 0, '2019-05-28 05:15:22', NULL, NULL),
(176, 'Eduin ', 'Hernandez Rodas', '3413728', 'H', '3017097780', 'Apartadó', 'Gerente Comercial', 'GRAIN MUSTARD INVESTMENTS GROUP SAS', 'Gerente comercial ', 'ehernandezgmi@gmail.com', 1, 0, 0, '2019-05-28 05:25:07', NULL, NULL),
(177, 'Adriana Isabel', 'Garcia Torres', '1232590296', 'M', '3164252402', 'Apartadó', 'Ingeniero Civil', 'Buceo Industrial y Dragados de Urabá', 'Administrados', 'isabel-gtorres@hotmail.com', 1, 0, 0, '2019-05-28 05:53:01', NULL, NULL),
(178, 'WILMAR DE JESUS', 'BLANDON GRACIANO', '71252566', 'H', '3148852971', 'CAREPA', 'TECNOLOGO', 'BUCEO INDUSTRIAL Y DRAGADOS DE URABA SAS', 'LIDER AMBIENTAL', 'wilmarblandon@buceoydragados.com', 1, 0, 0, '2019-05-28 06:24:39', NULL, NULL),
(179, 'NATALIA', 'HERRERA RINCON', '1028002288', 'M', '3163902968', 'CAREPA', 'INGENIERA AMBIENTAL', 'BUCEO INDUSTRIAL Y DRAGADOS DE URABA SAS', 'GESTION AMBIENTAL', 'isabelherrera@buceoydragados.com', 1, 0, 0, '2019-05-28 06:33:50', NULL, NULL),
(180, 'Libardo', 'Zuluaga Echavarria', '1041146803', 'H', '3206913208', 'Turbo', 'Empleado', 'Bancolombia', 'Gerente', 'Libzulua@bancolombia.com.co', 1, 0, 0, '2019-05-28 06:56:23', NULL, NULL),
(181, 'Jader Yamid', 'Osorio Tabares', '1028024674', 'H', '3105441419', 'Turbo', 'Estudiante', 'Universidad de Antioquía', 'Estudiante', 'jaderosorio8@gmail.com', 1, 0, 0, '2019-05-28 07:31:06', NULL, NULL),
(182, 'David Esteban', 'Ochos Garcia', '1028029682', 'H', '3146674482', 'Apartado', 'Estudiante/ Ing Oceanográfica', 'Universidad de Antioquia', 'Estudiante', 'davidestebanochoa@gmail.com', 1, 0, 0, '2019-05-28 07:39:04', NULL, NULL),
(183, 'Jeison José', ' Herrera Peña ', '1028035073', 'H', '3043950534', 'APARTADÓ', 'APRENDIZ', 'SENA', 'INSTRUCTOR', 'cnegretep@sena.edu.co', 1, 0, 0, '2019-05-28 08:01:28', NULL, NULL),
(184, 'Never ', 'Zambrano Hernandez ', '1007636916', 'H', '3117409597', 'APARTADÓ', 'APRENDIZ', 'SENA', 'APRENDIZ', 'namadole@misena.edu.co', 1, 0, 0, '2019-05-28 08:14:29', NULL, NULL),
(185, 'Sebastián', 'Rodas Corrales', '8101516', 'H', '3002324134', 'Apartadó', 'Antropologo', 'Universidad de Antioquia', 'Director', 'dirseccionaluraba@udea.edu.co', 1, 0, 0, '2019-05-28 08:24:01', NULL, NULL),
(186, 'Edwin Enrique', 'Román Madrid', '71797384', 'H', '3105049772', 'Apartadó', 'Especialista en Gerencia de Servicios Sociales- Psicólogo', 'Universidad de Antioquia- Seccional Urabá', 'Líder de Innovación- Director Parque E- Secretario Técnico CUEES Urabá', 'innovacionuraba@udea.edu.co', 1, 0, 0, '2019-05-28 08:29:10', NULL, NULL),
(187, 'Diana marcela', 'Saldarriaga mona', '39428195', 'M', '3148521168', 'Apartado', 'Administradora de empresa de reciclaje', 'RETO MUNDIAL', 'Administradora', 'Retomundialadmon@gmail.com', 1, 0, 0, '2019-05-28 08:59:32', NULL, NULL),
(188, 'EDGAR ALONSO', 'MUÑOZ VILLA', '94388649', 'H', '3218949963', 'APARTADÓ', 'INSTRUCTOR', 'SENA', 'INSTRUCTOR', 'edmunoz@sena.edu.co', 1, 0, 0, '2019-05-28 09:08:37', NULL, NULL),
(189, 'Guillermo ', 'Cárdenas Correa', '70078368', 'H', '3146921885', 'Apartado', 'Profesor de electricidad', 'Instituto IMAO', 'Director', 'imao.edu@gmail.com', 1, 0, 0, '2019-05-28 09:14:27', NULL, NULL),
(190, 'Maria Eugenia ', 'Betancourt Caicedo', '25266907', 'M', '3105141071', 'Chigorodó', 'Gerente ', 'Aganar ', 'Gerente', 'mbetancourtcaicedo@yahoo.es', 1, 0, 0, '2019-05-28 09:32:12', NULL, NULL),
(191, 'Braulio Andrés', 'Angulo Martínez', '1020421177', 'H', '3016559927', 'Apartadó', 'Administrador de Empresas. Magíster en gestión de ciencia, tecnología e innovación', 'Institución Universitaria FESU', 'Vicerrector Académico y de Investigación', 'vicerrectoriaacademica@fesu.edu.co', 1, 0, 0, '2019-05-28 11:03:45', NULL, NULL),
(192, 'Sebastián', 'Orozco Sandoval', '71362471', 'H', '3008126600', 'Turbo', 'Periodista', 'Emisora Cultural Universidad de Antioquia', 'Coordinador', 'sebastian.orozcos@udea.edu.co', 1, 0, 0, '2019-05-28 11:12:25', NULL, NULL),
(193, 'Luis Felipe', 'Alzate Giraldo', '1128423633', 'H', '3116325024', 'Apartadó', 'Comunicador', 'Revista Urabá Premium', 'Director', 'felipe.alzate@revistaurabapremium.com', 1, 0, 0, '2019-05-28 11:45:32', NULL, NULL),
(194, 'María Hortensia', 'Castro Hernandez', '32490891', 'M', '3046280764', 'Apartadó', 'Directora', 'Periódico El Heraldo de Urabá', 'Directora periódico el Heraldo de Urabá', 'elheraldodeurabagerencia2019@gmail.com', 1, 0, 0, '2019-05-28 13:18:50', NULL, NULL),
(195, 'Natalia Andrea', 'Cristancho Quiroz', '1037637729', 'M', '3165184672', 'Apartadó', 'Asistente directora', 'Periódico El Heraldo de Urabá', 'Asistente de dirección', 'natycristancho@gmail.com', 1, 0, 0, '2019-05-28 13:29:44', NULL, NULL),
(196, 'Luis Alejandro', 'Sandoval Londoño', '1000000001', 'H', '5748280877', 'NA', 'Estudiante', 'Universidad de Antioquia', 'Estudiante Doctorado', 'sandovalejo@gmail.com', 1, 0, 0, '2019-05-28 13:54:09', NULL, NULL),
(197, 'haiberney', 'rios puerta', '94390128', 'H', '3192026177', 'bogota', 'ingeniero mecanico', 'd y h tecnologias limpias', 'ingeniero mecanico', 'haiber2@hotmail.com', 1, 0, 0, '2019-05-28 15:30:27', NULL, NULL),
(198, 'diego fernando', 'cardona tique ', '1045522978', 'H', '3006140354', 'turbo antioquia', 'estudiante', 'univerdad de antioquia', 'ninguno', 'difercar@hotmail.es', 1, 0, 0, '2019-05-28 15:58:00', NULL, NULL),
(199, 'José Fernando', 'Cárdenas ', '71610423', 'H', '3116983634', 'Apartado', 'Agronomo', 'Operadora Frigouraba sas', 'Gerente', 'josefernandocardenas@gmail.com', 1, 0, 0, '2019-05-29 08:07:31', NULL, NULL),
(200, 'Joany', 'Sánchez', '15349846', 'H', '3004817207', 'Medellín', 'Ingeniero Cívil', 'EMERGENTE S.A.S.', 'Gerente', 'joany.sanchez@emergente.com.co', 1, 0, 0, '2019-05-29 08:08:00', NULL, NULL),
(201, 'ISABEL CRISTINA', 'YOSHIOKA', '66774152', 'M', '3117884855', 'NA', 'NA', 'Augura', 'NA', 'iyoshioka@augura.com.co', 1, 0, 0, '2019-05-29 08:10:45', NULL, NULL),
(202, 'LUZ EDITH ', 'ARGEL', '43609622', 'M', '3122883394', 'NA', 'NA', 'Augura', 'NA', 'largel@augura.com.co', 1, 0, 0, '2019-05-29 08:18:07', NULL, NULL),
(203, 'Dayaha', 'Vargas Bran', '1028021073', 'M', '3113279762', 'Apartadó', 'Asesora Comercial', 'Equipos AMC', 'Asesora Comercial', 'dayana.v.b@hotmail.com', 1, 0, 0, '2019-05-29 08:21:05', NULL, NULL),
(204, 'Javier', 'Arroyave', '1027961567', 'M', '3213304556', 'Apartadó', 'Administrador', 'Equipos AMC', 'Administrador', 'uraba@equiposamc.com', 1, 0, 0, '2019-05-29 08:36:42', NULL, NULL),
(205, 'Joan Sebastián ', 'Ruiz Zapata', '8324739', 'H', '3005397434', 'Apartadó', 'Ingeniero ', 'SENA', 'Instructor', 'jruizz@sena.edu.co', 1, 0, 0, '2019-05-29 08:48:26', NULL, NULL),
(206, 'ANGELA ', 'BENAVIDES MARTINEZ', '46681965', 'M', '3016082460', 'NA', 'NA', 'Augura', 'NA', 'entomologia@augura.com.co', 1, 0, 0, '2019-05-29 09:13:56', NULL, NULL),
(207, 'OSCAR ', 'VALDERRAMA', '1038802011', 'H', '3113773545', 'NA', 'NA', 'Aganar', 'NA', 'sst@augura.com.co', 1, 0, 0, '2019-05-29 09:20:09', NULL, NULL),
(208, 'SEBASTIAN ', 'ZAPATA', '1037633740', 'H', '3206769787', 'NA', 'NA', 'Augura', 'NA', 'auxinvestigacion1@augura.com.co', 1, 0, 0, '2019-05-29 09:23:48', NULL, NULL),
(210, 'DIEGO ALEJANDRO ', 'LONDOÑO PUERTA ', '1128274487', 'H', '3003008230', 'NA', 'NA', 'Augura', 'NA', 'dalondonop@sena.edu.co', 1, 0, 0, '2019-05-29 09:28:41', NULL, NULL),
(211, 'JULIAN ', 'FUENTE BIVERO', '1192763734', 'H', '3137066321', 'NA', 'NA', 'Augura', 'NA', 'julianfb2000@gmail.com', 1, 0, 0, '2019-05-29 09:49:24', NULL, NULL),
(212, 'PEDRO LUIS ', 'DE LA HOZ', '1068811455', 'H', '3126933146', 'NA', 'NA', 'Augura', 'NA', 'cefas.hd@gmail.com', 1, 0, 0, '2019-05-29 09:56:11', NULL, NULL),
(213, 'ANGELICA ', 'BRAVO', '1040363852', 'M', '3172825129', 'NA', 'NA', 'Augura', 'NA', 'auxcertificacionesg20@gmail.com', 1, 0, 0, '2019-05-29 09:58:54', NULL, NULL),
(214, 'HUBER ', 'VELASQUEZ', '71241922', 'H', '3136448825', 'NA', 'NA', 'Augura', 'NA', 'direccionambiental@citropical.com', 1, 0, 0, '2019-05-29 10:37:10', NULL, NULL),
(215, 'OSCAR ', 'GOMEZ', '1040381715', 'H', '3145299868', 'NA', 'NA', 'Augura', 'NA', 'ambientalprac01@citropical.net', 1, 0, 0, '2019-05-29 10:38:25', NULL, NULL),
(216, 'DIANA CRISTINA ', 'HENAO OCHOA', '1152197119', 'M', '3136725699', 'NA', 'NA', 'Augura', 'NA', 'auxinvestigacion3@augura.com.co', 1, 0, 0, '2019-05-29 10:49:13', NULL, NULL),
(217, 'Jhony Andres ', 'Arroyave Diaz', '1017144554', 'H', '3005297556', 'Medellín', 'Empleado Público', 'EPM', 'Profesional', 'jhony.arroyave@epm.com.co', 1, 0, 0, '2019-05-29 10:52:38', NULL, NULL),
(218, 'JASBLEYDI ', 'CASTRILLON CANO', '32291961', 'M', NULL, 'NA', 'PSICOLOGA', 'Universidad Pontificia Bolivariana', 'PSICOLOGA CENTRO DE FAMILIA', 'jasbleydi.castrillon@upb.edu.co', 1, 0, 0, '2019-05-29 11:04:38', NULL, NULL),
(219, 'LUZ EDITH ', 'BENITEZ MACHADO', '43146582', 'M', NULL, 'NA', 'LIDER DE GESTIÓN', 'Universidad Pontificia Bolivariana', 'LIDER DE GESTIÓN UPB-URABA DARIEN CARIBE', 'luz.benitez@upb.edu.co', 1, 0, 0, '2019-05-29 11:07:21', NULL, NULL),
(220, 'Miguel Antonio', 'Pacheco Palacio', '1129570723', 'H', '3005477755', 'Apartadó ', 'Arquitecto ', 'Ap Arquitectura ', 'Director de Obra', 'Arquitectomiguel05@gmail.com', 1, 0, 0, '2019-05-29 11:18:51', NULL, NULL),
(221, 'Luis Felipe', 'Alzate Giraldo', '1128423632', 'H', '3116325024', 'Apartadó', 'Comunicador', 'Revista Urabá Premium', 'Director', 'lipe05@hotmail.com', 1, 0, 0, '2019-05-29 12:07:09', NULL, NULL),
(222, 'JUAN DAVID ', 'CARTAGENA ALZATE', '1017133142', 'H', '3207208187', 'APARTADÓ', 'SECRETARIO DE PLANEACION Y ORDENAMIENTO TERRITORIAL', 'MUNICIPIO DE APARTADO', 'SECRETARIO DE PLANEACIÓN Y ORDENAMIENTO TERRITORIAL', 'juandavidc86@hotmail.com', 1, 0, 0, '2019-05-29 12:07:47', NULL, NULL),
(223, 'ELIECER ', 'ARTEAGA VARGAS', '70524717', 'H', '3157222577', 'APARTADÓ', 'ALCALDE', 'MUNICIPIO DE APARTADO', 'ALCALDE', 'alcalde@apartado.gov.co', 1, 0, 0, '2019-05-29 12:25:09', NULL, NULL),
(224, 'Daniel Fernando ', 'Valbuena Sierra', '1040370350', 'H', '3144471607', 'Carepa', 'Estudiante Ingenieria Oceanografica', 'Universidad de Antioquia', 'Estudiante', 'dfvs-1030@hotmail.com', 1, 0, 0, '2019-05-29 12:26:38', NULL, NULL),
(225, 'Antony Guillermo ', 'Reyes Portillo ', '8173144', 'H', '3148940008', 'Apartado ', 'Veterinario ', 'Alcaldía Municipal ', 'Secretario de Despacho ', 'reyes862@yahoo.es', 1, 0, 0, '2019-05-29 12:29:51', NULL, NULL),
(226, 'GERMAN', 'DARIO TORRES', '7562108', 'H', '3155513111', 'APARTADÓ', 'INGENIERO - CONTRATISTA', 'MUNICIPIO DE APARTADO', 'CONTRATISTA', 'manchotorres@gmail.com', 1, 0, 0, '2019-05-29 12:30:35', NULL, NULL),
(227, 'RICARDO LEON ', 'CAMARGO ORTIZ', '71943375', 'H', '3148760019', 'APARTADO', 'ADMINISTRADOR DE EMPRESAS', 'EMPRESAS PUBLICAS DE APARTADO SAS ESP', 'GERENTE', 'gerente@empresaspublicasdeapartado.com', 1, 0, 0, '2019-05-29 12:34:49', NULL, NULL),
(228, 'Robin', 'Pa hecho Hoyos ', '1064984051', 'H', '3223732445', 'Chigorodó', 'Médico Veterinario', 'Independiente', 'Médico Veterinario', 'olgalucimonac@gmail.com', 1, 0, 0, '2019-05-29 12:44:14', NULL, NULL),
(229, 'JUAN MELECIO', 'MONROY CASTIBLANCO', '79156396', 'H', '3105014874', 'APARTADÓ', 'PROFESIONAL UNIVERSITARIO', 'MUNICIPIO DE APARTADO', 'PROFESIONAL UNIVERSITARIO', 'monroyjuan2003@yahoo.com', 1, 0, 0, '2019-05-29 12:46:41', NULL, NULL),
(230, 'Juan David ', 'Vergara Martínez', '10499888', 'H', '3206658307', 'Apartadó', 'Ing. Ambiental', 'C.I. Unibán S.A.', 'Analsita de Gestión Integral', 'jdvergara@uniban.com.co', 1, 0, 0, '2019-05-29 12:47:13', NULL, NULL),
(231, 'Elisa Margarita', 'Velasquez Borrero', '50926965', 'M', '3146829895', 'Chigorodò', 'Gerente comercial ', 'Suganar S.A', 'Gerente', 'suganarsa@suganar.com', 1, 0, 0, '2019-05-29 12:53:10', NULL, NULL),
(232, 'Rodrigo Alberto', 'Mejia Arango', '98546040', 'H', '3116343734', 'Chigorodò', 'Gerente General', 'Suganar S.A', 'Gerente', 'suganargerencia@suganar.com', 1, 0, 0, '2019-05-29 12:56:37', NULL, NULL),
(233, 'LUIS ANGEL', 'HURTADO ZAPATA', '1017220482', 'H', '3004187831', 'APARTADO', 'INGENIERO CIVIL', 'EMPAPA SAS ESP', 'DIRECTOR OPERATIVO', 'secretaria@empresaspublicasdeapartado.com', 1, 0, 0, '2019-05-29 12:59:45', NULL, NULL),
(234, 'Pablo ', 'De los Rios Bustamante', '10543889', 'H', '3122982381', 'Chigorodò', 'Gerente comercial Agricola', 'Suganar S.A', 'Gerente', 'suganarpalma@suganar.com', 1, 0, 0, '2019-05-29 13:01:02', NULL, NULL),
(235, 'Edgar ', 'Aguirre Usuga', '71940492', 'H', '3216422352', 'APARTADO', 'Ingeniero Civil', 'MUNICIPIO DE APARTADO', 'TÉCNICO CONTROL URBANO', 'edaguirre01@hotmail.com', 1, 0, 0, '2019-05-29 13:11:31', NULL, NULL),
(236, 'Daniel ', 'Sierra Moreno ', '1128264478', 'H', '3136582848', 'Chigorodò', 'Administrador de Empresas Agropecuarias', 'Suganar S.A', 'Presidente Junta Directiva Suganar', 'suganaralcliente@suganar.com', 1, 0, 0, '2019-05-29 13:12:07', NULL, NULL),
(237, 'Elubina ', 'Jimenez Pineda', '39426257', 'M', '3017944660', 'Apartadò', 'Tecnologa en Formulación de Proyectos', 'Inversiones Jimenez', 'Administradora', 'maelu2509@gmail.com', 1, 0, 0, '2019-05-29 13:16:04', NULL, NULL),
(238, 'Lina Maria', 'Arango Barrera', '21954766', 'M', '3148140402', 'Chigorodò', 'Abogada', 'Independiente', 'Abogada ', 'linaarango2011@hotmail.com', 1, 0, 0, '2019-05-29 13:20:35', NULL, NULL),
(239, 'Gloria Alexandra', 'Castilla Aguirre', '43739932', 'M', '3185778117', 'Apartadò', 'Medico Veterinaria', 'Independiente', 'Medico Veterinaria', 'gacastillaa@hotmail.com', 1, 0, 0, '2019-05-29 13:24:30', NULL, NULL),
(240, 'Camilo ', 'Acevedo velez ', '1045496478', 'H', '3147390751', ' Community Manager ', 'Productor audiovisual ', 'Urabá Noticias ', 'Director ejecutivo ', 'camilovision@gmail.com', 1, 0, 0, '2019-05-29 13:28:53', NULL, NULL),
(241, 'JULIANA', 'QUINTANA', '39428995', 'M', '3127653999', 'Apartadó', 'Asesora Comercial', 'INNATA ', 'Asesora Comercial', 'innata.mobiliario@gmail.com', 1, 0, 0, '2019-05-29 13:39:32', NULL, NULL),
(242, 'ANDRES', 'HIGUITA', '1028031467', 'M', '3007849093', 'Apartadó', 'DISEÑADOR', 'INNATA ', 'DISEÑADOR', 'ahiguitap@gmail.com', 1, 0, 0, '2019-05-29 13:41:56', NULL, NULL),
(243, 'Olga Lucia', 'Montenegro Acevedo', '32292059', 'M', '3217806826', 'Chigorodò', 'Ejecutiva Comercial  en Ventas y Publicidad', 'Vive Descuentos ', 'Ejecutiva Comercial', 'olgalucimonac@hotmail.com', 1, 0, 0, '2019-05-29 13:42:50', NULL, NULL),
(244, 'Paula ', 'Torres Teheran ', '1045519143', 'M', '3226326627', 'Turbo ', 'Ingeniera Oceanográfica ', 'Sociedad Portuaria de Turbo Pisisí S.A', 'Ingeniera Oceanográfica ', 'p.torrest@pisisisa.com', 1, 0, 0, '2019-05-29 13:42:54', NULL, NULL),
(245, 'ANGELICA MARIA', 'MEJIA MEJIA', '1037573915', 'M', '3005330783', 'APARTADÓ', 'ARQUITECTA', 'CAMACOL ANTIOQUIA', 'DIRECTORA CAMACOL ANTIOQUIA SEDE URABA', 'diruraba@camacolantioquia.org.co', 1, 0, 0, '2019-05-29 13:44:59', NULL, NULL),
(246, 'Teófilo ', 'Lemos Mosquera ', '71983586', 'H', '3114267122', 'Turbo ', 'Administrador de Empresas ', 'Sociedad Portuaria de Turbo Pisisí S.A', 'Gerente general', 'teofilolemo27@hotmail.com', 1, 0, 0, '2019-05-29 13:46:07', NULL, NULL),
(247, 'Valeria ', 'Aristizabal Buitrago ', '1028007003', 'M', '3183868530', 'Turbo ', 'Ecóloga de Zonas Costeras ', 'Sociedad Portuaria de Turbo Pisisí S.A', 'Coordinadora Ambiental ', 'v.aristizabal@pisisisa.com', 1, 0, 0, '2019-05-29 13:47:57', NULL, NULL),
(248, 'CRISTIAN CAMILO', 'GRANADO FLOREZ', '1028026117', 'H', '3013777439', 'APARTADÓ', 'LIDER', 'MUNICIPIO DE APARTADO', 'LIDER COMUNITARIO', 'cristiangranado28@gmail.com', 1, 0, 0, '2019-05-29 14:20:37', NULL, NULL),
(249, 'Juan Diego ', 'Duque Hernandez ', '70565244', 'H', '3213219532', 'Medellín ', 'Administrador de Empresas ', 'Transitia RC S.A.S', 'Director de desarrollo de negocios ', 'jdduque@trc-pisisi.com', 1, 0, 0, '2019-05-29 14:21:53', NULL, NULL),
(250, 'Diego David ', 'Sierra Gutiérrez', '8438653', 'H', '3117475652', 'Chigorodó', 'Productor audiovisual', 'Apistograma', 'Director', 'gerencia@apistograma.com', 1, 0, 0, '2019-05-29 14:31:42', NULL, NULL),
(251, 'Jaime ', 'Calderon', '17176577', 'H', '3002124223', 'Carepa', 'Hotelero', 'Hotel Jaisara', 'Proprietario', 'Jaicalder46@hotmail.com', 1, 0, 0, '2019-05-29 14:35:30', NULL, NULL),
(252, 'Fabio Alberto ', 'Gómez Gómez ', '3413730', 'H', '3114222225', 'Apartado', 'Ingeniero de sistemas', 'Universidad cooperativa de colombia ', 'Director', 'fagomez72@gmail.com', 1, 0, 0, '2019-05-29 14:35:48', NULL, NULL),
(253, 'Laura Cristina ', 'Narváez Madera ', '1033374341', 'M', '3212689470', 'Arboletes ', 'Comunicadora Social ', 'Asoredes', 'Comunicadora Social ', 'Laun0117@gmail.com', 1, 0, 0, '2019-05-29 14:43:28', NULL, NULL),
(254, 'Luisa Fernanda ', 'Muñoz Castro', '1039461291', 'M', '3206808398', 'Apartadó ', 'Productora Audiovisual ', 'Apistograma', 'Productora', 'luisa.audiovisualworld@gmail.com', 1, 0, 0, '2019-05-29 14:51:57', NULL, NULL),
(255, 'jhon fredis ', 'Altamar Nuñez', '71253324', 'H', '3104994610', 'apartado', 'Administrador de Empresas', 'Epm', 'supervisor comercial', 'j.alta.mar@hotmail.com', 1, 0, 0, '2019-05-29 14:52:00', NULL, NULL),
(257, 'Samuel Ignacio', 'Valencia Nuñez', '71945418', 'H', '3117457945', 'Apartadó', 'Interventor', 'Epm', 'Tecnológo operación mantto y servicios unidad atención técnica  clientes ', 'samuel.valencia@epm.com.co', 1, 0, 0, '2019-05-29 14:55:09', NULL, NULL),
(258, 'JULIAN GUSTAVO', 'CARRILLO ARIAS', '80873289', 'H', '3147630311', 'CHIGORODO', 'EMPLEADO', 'BANCOLOMBIA', 'GERENTE', 'jcarril@bancolombia.com.co', 1, 0, 0, '2019-05-29 15:01:00', NULL, NULL),
(259, 'Sandra Gabriela', 'Trochez Díaz', '32288383', 'M', '3012003767', 'Apartadó', 'Profesional Planeación', 'EPM', 'Profesional Planeación', 'sandra.trochez@epm.com.co', 1, 0, 0, '2019-05-29 15:04:49', NULL, NULL),
(260, 'ALEJANDRA', 'TRIGREROS', '1028001781', 'M', '3167430200', 'CAREPA', 'EMPLEADA', 'BIOPLANTA PALMERAS PARA EL DESARROLLO', 'ADMINISTRATIVA', 'administrativo@extractorabpd.com', 1, 0, 0, '2019-05-29 15:05:48', NULL, NULL),
(261, 'Jorge Adán ', 'Wolf Villada', '8010874', 'H', '3014449646', 'Apartado', 'Tecnólogo Mantto y servicios', 'epm', 'Tecnologo', 'jorge.wolf@epm.com.co', 1, 0, 0, '2019-05-29 15:06:01', NULL, NULL),
(262, 'José Manuel ', 'Quintero Madera', '1038810951', 'H', '3146636788', 'Apartadó', 'Interventor', 'epm', 'Tecnologó', 'quimade@hotmail.com', 1, 0, 0, '2019-05-29 15:07:55', NULL, NULL),
(263, 'Carlos Hernando', 'Pinilla Gallego', '93386126', 'H', '3013604530', 'Apartadó', 'Ingeniero Agrónomo', 'EPM', 'Gerente de EPM para Urabá', 'carlos.pinilla@epm.com.co', 1, 0, 0, '2019-05-29 15:09:42', NULL, NULL),
(264, 'edwin', 'EDWIN GIORGIE RODRIGUEZ ORTIZ', '10769500', 'H', '3016536070', 'MONTERIA', 'Tecnólogo en Telecomunicaciones ', 'NEOSOLAR & COMUNICACIONES S.A.S.', 'Coordinador Operativo', 'solarycomunicaciones@gmail.com', 1, 0, 0, '2019-05-29 15:13:10', NULL, NULL),
(265, 'Benjamín ', 'Acevedo ', '71981046', 'H', '3114469936', 'Turbo ', 'Periodista ', 'Uraba noticias ', 'Director periodístico ', 'urabanoticias1@gmail.com', 1, 0, 0, '2019-05-29 15:14:00', NULL, NULL),
(266, 'Paola', 'Marquez castaño ', '1045506292', 'M', '3006801548', 'Apartadó ', 'Comunicadora ', 'Uraba noticias ', 'Directora de contenidos y comunicadora ', 'paolavision@gmail.com', 1, 0, 0, '2019-05-29 15:19:16', NULL, NULL),
(267, 'BEATRIZ ELENA', 'SALAZAR A', '4375724', 'M', '8296666', 'Apartadó', 'Ingeniera de Producción y Calidad', 'C.I. Uniban S.A.', 'Coordinadora Gestión Integral', 'bsalazar@uniban.com.co', 1, 0, 0, '2019-05-29 15:19:51', NULL, NULL),
(268, 'Sandra Gabriela', 'Trochez Díaz', '322288383', 'M', '3012003767', 'Apartadó', 'Contadora Pública', 'EPM', 'Profesional Planeación', 'santrochez@yahoo.es', 1, 0, 0, '2019-05-29 15:22:12', NULL, NULL),
(269, 'Luis Fredy', 'Mejia Betancur', '98552185', 'H', '31063297489', 'apartado', 'Epleado', 'Puerto Antioquia Uraba ', 'Gerente Socio Ambiental', 'lmejia@puertoantioquia.com.co', 1, 0, 0, '2019-05-29 15:24:52', NULL, NULL),
(270, 'Natalia Isabel', 'Giraldo Cano', '1039456150', 'M', '3023670936', 'Apartadó', 'Ingeniera ambiental', 'BADUR S.A.', 'Coordinador Ambiental', 'nigiraldoc@gmail.com', 1, 0, 0, '2019-05-29 15:27:17', NULL, NULL),
(271, 'Ivan Dario ', 'Madrid Durango', '1040380610', 'H', '3145804912', 'apartado', 'Epleado', 'Puerto Antioquia', 'Gerente Socio Ambiental', 'imadrid@puertoantioquia.com.co', 1, 0, 0, '2019-05-29 15:27:56', NULL, NULL),
(272, 'Andres Felipe', 'Bustos Isaza', '94402693', 'H', '3164953409', 'apartado', 'Epleado', 'Puerto Antioquia', 'Gerente General ', 'abustos@piosas.com', 1, 0, 0, '2019-05-29 15:45:07', NULL, NULL),
(273, 'Jhon', 'Restrepo', '71656426', 'H', '8280422', 'Apartado', 'NA', 'Banacol', 'NA', 'jhon.restrepo@banacol.com.co', 1, 0, 0, '2019-05-29 15:49:05', NULL, NULL),
(274, 'JAIME ENRIQUE ', 'GONZALEZ IBARRA', '78021073', 'H', '3156295133', 'APARTADO', 'TECNOLOGO EN ELECTRICIDAD Y ELECTRONICA Y TELECOMUNICACIONES', 'SENA', 'INSTRUCTOR', 'jaimeenrique@misena.edu.co', 1, 0, 0, '2019-05-29 15:51:22', NULL, NULL),
(276, 'Margarita', 'Bolaño', '57412021', 'M', '8280422', 'Apartadó', 'Empleada', 'Banacol', 'Banacol', 'Margarita.bolano@banacol.com.co', 1, 0, 0, '2019-05-29 16:05:50', NULL, NULL),
(277, 'Luis', 'Alfonso', '9158479', 'H', '8280422', 'Apartadó', 'Empleada', 'Banacol', 'Banacol', 'Luis.gomes@banacol.com.co', 1, 0, 0, '2019-05-29 16:09:33', NULL, NULL),
(278, 'Yeraldin', 'Villafañe', '1064998715', 'M', '3105171259', 'Cereté', 'Abogada', 'Independiente', 'Litigante', 'Geraldinvillafanedz@gmail.com', 1, 0, 0, '2019-05-29 16:11:07', NULL, NULL),
(279, 'ISRAEL ', 'PLAZA BERMEO', '17317195', 'H', '3206898031', 'CAREPA', 'COMERCIANTE', 'GASOVIDA', 'GERENTE', 'gerencia@gasovida.com', 1, 0, 0, '2019-05-29 17:02:48', NULL, NULL),
(280, 'Edwin Jose', 'Galarcio Marzola', '78295733', 'H', '3113708892', 'Turbo ', 'Comercio ', 'Turbo ', 'Admon ', 'Geduinjose@yahoo.es', 1, 0, 0, '2019-05-29 17:25:57', NULL, NULL),
(281, 'Xiomara Isabel', 'Florez Mathieu', '43740167', 'M', '3016968931', 'Apartadó', 'Empleada - Administradora de empresas con especializacion en finanzas ', 'Epm', 'Profesional comercial ', 'aof0157@hotmail.com', 1, 0, 0, '2019-05-29 20:14:18', NULL, NULL),
(282, 'Lucina', 'Rentería Rodríguez ', '43998672', 'M', '3137022268', 'Apartadó ', 'Abogada', 'Universidad Cooperativa de Colombia ', 'Decana Nacional', 'Lucina.renteria@ucc.edu.co', 1, 0, 0, '2019-05-29 21:07:45', NULL, NULL),
(283, 'Marian Camila ', 'Echeverry Puerta', '1045525633', 'M', '3214878825', 'Carepa ', 'Estudiante de Ingeniería Bioquímica ', 'Universidad de Antioquia ', 'Estudiante ', 'mariane.cheverry26@gmail.com', 1, 0, 0, '2019-05-29 21:15:39', NULL, NULL),
(284, 'ALEJANDRA ', 'CADAVID PERDOMO', '32182590', 'M', '3002308387', 'APARTADO', 'INVESTIGACIÓN SENA', 'SENA', 'INVESTIGADOR SENNOVA', 'alejitacadavid09@gmail.com', 1, 0, 0, '2019-05-30 03:27:57', NULL, NULL),
(285, 'Yordano ', 'Tabares Cortes', '1027953887', 'H', '3013286990', 'Apartadó', 'Contratista', 'Alcaldia Apartadó', 'Dir. Juventud', 'yordano.tabarescortes@gmail.com', 1, 0, 0, '2019-05-30 04:15:29', NULL, NULL),
(286, 'Alexandra ', 'Gonzalez Martinez', '39415522', 'M', '3002677029', 'Apartadó ', 'Consultora', 'Triada consultoría ', 'Socia y administración ', 'agomar18@gmail.com', 1, 0, 0, '2019-05-30 04:58:06', NULL, NULL),
(287, 'Luis Ángel ', 'Londoño Castaño ', '1028014750', 'H', '3104526537', 'Apartadó ', 'Tecnólogo ambiental', 'Alcaldia', 'Auxiliar ambiental y social ', 'londoluis123@gmail.com', 1, 0, 0, '2019-05-30 05:12:29', NULL, NULL),
(288, 'Luis Ernesto', 'Moreno García', '1038800668', 'H', '3207324252', 'Apartado', 'Administrador ', 'Incruises', 'Marketing Director', 'luis.morenogarcia88@gmail.com', 1, 0, 0, '2019-05-30 05:40:06', NULL, NULL),
(289, 'Harlem', 'Cogollo', '1027956595', 'H', '3006672328', 'NA', 'NA', 'Alcaldía de Apartado', 'NA', 'harlemcogollo2017@gmail.com', 1, 0, 0, '2019-05-30 06:47:21', NULL, NULL),
(290, 'Atala ', 'Mideros', '59677716', 'M', '3004359191', 'NA', 'NA', 'EPM Medios', 'NA', 'athalamiderosa@gmail.com', 1, 0, 0, '2019-05-30 06:50:19', NULL, NULL),
(291, 'Jesus Alberto', 'Alvarez Ramirez', '71621315', 'H', '3104323767', 'NA', 'NA', 'Alcaldía de Apartado', 'Na', 'monin522@gmail.com', 1, 0, 0, '2019-05-30 07:10:23', NULL, NULL),
(292, 'Jaime Andres ', 'Suarez Peña', '1045524696', 'H', '3016512283', 'Turbo', 'Estudiante', 'Universidad de Antioquia', 'Estudiante', 'jaimea.suarez@udea.edu.co', 1, 0, 0, '2019-05-30 07:13:50', NULL, NULL),
(293, 'Juan David', 'Cuello', '1028009007', 'H', NULL, 'NA', 'NA', 'Sugar Entertainment', 'NA', 'david199215@gmail.com', 1, 0, 0, '2019-05-30 07:18:20', NULL, NULL),
(294, 'Deimer ', 'Beytar', '1028010009', 'H', '3106458646', 'Apartadó', 'Gestor Social', 'Puerto Antioquia', 'Gestor Social', 'dbeytar@puertoantioquia.com.co', 1, 0, 0, '2019-05-30 07:41:12', NULL, NULL),
(295, 'Olga ', 'Arango', '43001481', 'M', '3147561579', 'Carepa', 'Periodista', 'Uraba Estereo', 'Periodista', 'olgaecomunicacion@hotmail.es', 1, 0, 0, '2019-05-30 07:48:51', NULL, NULL),
(296, 'Hector Rangel ', 'Palacios Rodriguez', '71945072', 'H', '3148409182', 'Apartadó', 'Lider social y Politico', 'Independiente', 'Independiente', 'rangelpalaciosr@gmail.com', 1, 0, 0, '2019-05-30 07:50:25', NULL, NULL),
(297, 'Adolfo', 'Ayala', '78766252', 'H', '3207241456', 'Apartadó', 'Conductor', 'Independiente', 'Independiente', 'adolfoayala1977@gmail.com', 1, 0, 0, '2019-05-30 07:53:35', NULL, NULL),
(298, 'Federico', 'Jaramillo', '71388692', 'H', '3008165680', 'Monteria', 'Ingeniero Industrial', 'Sol y Cielo', 'Gerente proyectos', 'sol.cielo@gpiconstructores.com', 1, 0, 0, '2019-05-30 09:04:39', NULL, NULL),
(299, 'Jose Ángel', 'Cabeza', '91201852', 'H', '3217790429', 'NA', 'Gerente', 'Ecoviajes Darien', 'Gerente', 'reservas@ecoviajesdarien.com', 1, 0, 0, '2019-05-30 09:56:41', NULL, NULL),
(300, 'Cesar ', 'Acosta Restrepo', '70556750', 'H', '3206813468', 'Apartadó', 'Ingeniero Agrónomo', 'Corporacion Alto Valor', 'Proyectos', 'cesaracosta210@gmail.com', 1, 0, 0, '2019-05-30 12:54:36', NULL, NULL),
(301, 'Juliana', 'Moná', '1032177743', 'M', '3046786398', 'Apartadó', 'Estudiante ', 'I. E cadenas las playas', 'N. D', 'Julianamona@gmail.com', 3, 0, 0, '2019-05-30 13:14:36', NULL, NULL),
(302, 'Jimmy', 'Córdoba ', '1001025538', 'H', '3043282630', 'Apartadó', 'Estudiante', 'I. E cadena las playas', 'N. D', 'Jimmycordoba@gmail.com', 3, 0, 0, '2019-05-30 13:17:29', NULL, NULL),
(303, 'Andres Felipe ', 'Carvajal ', '10011031348', 'H', '3206955215', 'Apartadó', 'Estudiante', 'IE Cadena Las Playas', 'Estudiante', 'andresfelipe1348@ie-cadenalasplayas.edu.co', 3, 0, 0, '2019-05-30 13:22:08', NULL, NULL),
(304, 'Maria ', 'Barrios', '1001024776', 'M', '3023957772', 'Apartadó', 'Estudiante ', 'I. E cadena las playas', 'N. D', 'Sabt1994@hotmail.com', 3, 0, 0, '2019-05-30 13:22:16', NULL, NULL),
(305, 'Martis ', 'Hernandez', '1007746241', 'M', '3207454807', 'Apartado', 'Estudiante', 'IE Cadena Las Playas', 'Estudiante', 'martishernandez@gmail.com', 3, 0, 0, '2019-05-30 13:24:02', NULL, NULL),
(306, 'Jean', 'Recarde', '1015186449', 'H', NULL, 'Apartadó', 'Estudiante ', 'I. E cadena las playas', 'N. D', 'Jeanpaul6449@ie-cadenalasplayas.edu.co', 3, 0, 0, '2019-05-30 13:24:03', NULL, NULL),
(307, 'Wendy', 'Cardona', '1001033379', 'M', '3124673466', 'Apartadó', 'Estudiante ', 'I. E cadena las playas', 'N. D', 'Wendycandona2012@gmail.com', 3, 0, 0, '2019-05-30 13:25:34', NULL, NULL),
(308, 'Jonbeker Jesus ', 'Silva Bolivar', '30659349', 'H', '3146245349', 'Apartadó', 'Estudiante', 'IE Cadena Las Playas', 'Estudiante', 'jesusbolivar@gmail.com', 3, 0, 0, '2019-05-30 13:28:23', NULL, NULL),
(309, 'Samuel', 'Velez Quintero', '1032176770', 'H', '3215908815', 'Apartadó', 'Estudiante', 'IE Cadena Las PLayas', 'Estudiante', 'samivelez1019@hotmail.com', 3, 0, 0, '2019-05-30 13:30:16', NULL, NULL);
INSERT INTO `personas` (`id`, `nombres`, `apellidos`, `nrodoc`, `genero`, `telefono`, `ciudad`, `ocupacion`, `empresa`, `cargo`, `email`, `tipos_documento_id`, `aceptaterminos`, `activo`, `fecha_registro`, `categoria`, `nombre_completo`) VALUES
(310, 'Ana Gabriela', 'Alvarez', '1001025955', 'M', '3222515059', 'Apartadó', 'Estudiante', 'IE Cadena Las Playas', 'Estudiante', 'anaalvarez0609@gmail.com', 3, 0, 0, '2019-05-30 13:32:11', NULL, NULL),
(311, 'Valeria', 'Areiza', '1036310141', 'M', '3226596057', 'Apartadó', 'Estudiante ', 'I. E cadena las playas', 'N. D', 'Valeriaareiza20@gmail.com', 3, 0, 0, '2019-05-30 13:47:43', NULL, NULL),
(312, 'CarLOS Enrique', 'Perez', '71936682', 'H', '3104415855', 'Apartado', 'Adm. de empresas', 'Implementos y Suministros SAS', 'Gerente', 'gerencia@impys.com.co', 1, 0, 0, '2019-05-31 06:10:55', NULL, NULL),
(313, 'Carolina', 'Obando Anzola', '1020715136', 'M', '3045445292', 'Bogotá', 'Ingeniera Química', 'Ser Colombia', 'Coordinadora Regulatoria', 'regulatoria@ser-colombia.org', 1, 0, 0, '2019-05-31 07:12:05', NULL, NULL),
(314, 'Karen', 'Martinez Rivas', '43971618', 'M', '3126854810', 'Apartadó', 'Contadora Pública', 'Fenalco Antioquia', 'Gerente Regional', 'kmartinez@fenalcoantioquia.com', 1, 0, 0, '2019-05-31 07:15:15', NULL, NULL),
(315, 'Rubiel Antonio', 'Montes', '1040351720', 'H', '3187071413', 'Apartadó', 'Estudiante', 'Concejo Municipal de Apartadó', 'Concejal', 'montesrubiel@gmail.com', 1, 0, 0, '2019-05-31 07:21:27', NULL, NULL),
(316, 'David ', 'Monroy', '8189547', 'H', '3104358674', 'Apartadó', 'Administrador', 'Asotunec Necocli', 'Representante Legal', 'asotunec@gmail.com', 1, 0, 0, '2019-05-31 07:25:25', NULL, NULL),
(317, 'Alexis', 'Rodriguez', '1040364113', 'H', '3002130458', 'Apartadó', 'Biólogo', 'Alto Valor', 'Profesional Ambiental', 'alexisrodriguezusma@gmail.com', 1, 0, 0, '2019-05-31 07:29:21', NULL, NULL),
(318, 'Carlos', 'Alvarez Pulgarín', '1028001026', 'H', NULL, 'NA', 'NA', 'Mobiliarias y Suministros', 'NA', 'ingcarlosalvarezp@gmail.com', 1, 0, 0, '2019-05-31 07:49:36', NULL, NULL),
(319, 'Luz Adriana', 'Moreno Agudelo', '21788384', 'M', '3128328719', 'Apartadó', 'Electricista', 'EPM', 'Coordinador', 'luz.moreno@epm.com.co', 1, 0, 0, '2019-05-31 11:10:02', NULL, NULL),
(320, 'Luis Alfonso', 'Gomez Díaz', '1102865770', 'H', '3122327349', 'Apartadó', 'Ingeniero Mecanico', 'Banaco', 'Supervisor Mecánico', 'gomezdiazluisalfonso@gmail.com', 1, 0, 0, '2019-05-31 11:12:29', NULL, NULL),
(321, 'Camilo ', 'Cervantes', '1234', 'H', '7927855', 'Monteria', 'Ing', 'Genmotion Makers', 'CEO', 'pepito@gmail.com', 1, 0, 0, '2019-07-15 10:51:22', 9, NULL),
(324, 'SANDRA DEL CARMEN', 'ANDRADE', '50892818', 'M', '3006940366', 'Monteria', 'Coordinadora Comercial', 'FENALCO', 'Coordinado Comercial', 'carcamoandradesandra@gmail.com', 1, 0, 0, '2019-07-15 13:58:32', 11, NULL),
(325, 'María Helena ', 'Lara Suárez', '1067930417', 'M', '3233767745', 'Montería', 'Independiente', '@Cataleya2585', 'Community manager', 'larasuarez04@gmail.com', 1, 0, 0, '2019-07-18 09:37:43', 10, NULL),
(330, NULL, NULL, NULL, NULL, '7927855', NULL, NULL, NULL, NULL, 'cacesa8931@gmail.com', NULL, 0, 0, '2019-08-19 09:54:00', NULL, 'Camilo Cervantes');

-- --------------------------------------------------------

--
-- Estructura de tabla para la tabla `tipos_documento`
--

CREATE TABLE `tipos_documento` (
  `id` int(11) NOT NULL,
  `tipo_documento` varchar(10) COLLATE utf8_spanish2_ci DEFAULT NULL
) ENGINE=InnoDB DEFAULT CHARSET=utf8 COLLATE=utf8_spanish2_ci;

--
-- Volcado de datos para la tabla `tipos_documento`
--

INSERT INTO `tipos_documento` (`id`, `tipo_documento`) VALUES
(1, 'C.C.'),
(2, 'C.E.'),
(3, 'T.I.');

-- --------------------------------------------------------

--
-- Estructura de tabla para la tabla `usuarios`
--

CREATE TABLE `usuarios` (
  `id` int(11) NOT NULL,
  `username` varchar(255) COLLATE utf8_spanish2_ci DEFAULT NULL,
  `passwd` text COLLATE utf8_spanish2_ci,
  `activo` tinyint(1) DEFAULT NULL,
  `personas_id` int(11) NOT NULL,
  `rol` int(11) NOT NULL DEFAULT '1' COMMENT '1:asistente, 2: admin de evento, 3: admin'
) ENGINE=InnoDB DEFAULT CHARSET=utf8 COLLATE=utf8_spanish2_ci;

--
-- Volcado de datos para la tabla `usuarios`
--

INSERT INTO `usuarios` (`id`, `username`, `passwd`, `activo`, `personas_id`, `rol`) VALUES
(29, 'grupotcoseal@gmail.com', '$2y$10$GxI9VvY1uBBbzTqIEly3MevMRzZfSzCKNzgAxW6cxFh4LJFGpdb0S', NULL, 35, 1),
(30, 'mcaro_echeverri@hotmail.com', '$2y$10$GzbeZGkop6MiFq1dWOo6p.HVLTLmimwa/GdMiSbAxKO7o/qohDWMe', NULL, 36, 1),
(31, 'Jucagil@hotmail.com', '$2y$10$vK.FqtJz0n8q8Y0IzYGQSOg6T5hyhBQ0ntf0xVQzgGXYKBEafPY2q', NULL, 37, 1),
(32, 'Auracaro7@hotmail.com', '$2y$10$C7rpfjmcQ.L.KIuzs6dujerKsXZNV09GF.VcDxVfMacTzLkLVP8I6', NULL, 38, 1),
(33, 'Cyeasesoriasintegrales@gmail.com', '$2y$10$D9q7QrX11Up0dJKrghxLC.tkXqGnK9ZeGTo9TA/S59H.o5oUrTFb6', NULL, 39, 1),
(34, 'jennycelyespitia@hotmail.com', '$2y$10$16/Y4.yxwqCjiYbvspM/lu/lCy.eIFYKHh6and6srxiNilXwh81HS', NULL, 40, 1),
(35, 'Ofeliaecheverri@hotmail.com', '$2y$10$Sx9gwEdJHOxlPR29LiGRuOmz7D79n63DAycQFo2OgOKlUsLiSJf42', NULL, 41, 1),
(36, 'Melissacaro28@hotmail.com', '$2y$10$8IFOphh72oGfwBDkmfx5xe8QtT3EjuW7nqockfNmI87glfSyQhecW', NULL, 42, 1),
(37, 'sarita368@hotmail.com', '$2y$10$zG1kpKdWrsiki0KhSkmu8eAVjJ7YJupzTcOeN4Wp/KrU9S0bKW5lG', NULL, 43, 1),
(38, 'bioairesdarien@gmail.com', '$2y$10$8z6cNj3exO8L71AkQHwh.eEvyrZtJFahTMzCRuHjTf8o4rrFpTdHq', NULL, 44, 1),
(39, 'mylleisnn@gmail.com', '$2y$10$XSf6nTDDze9uMXc1UKqcWe1ObpNCbub5.uru/EAUZN4rNqxNu/44e', NULL, 45, 1),
(43, 'diqueconstruccionessas@gmail.com', '$2y$10$AjqqpBgq9X6nccZoXCDFlerHzoI3JfEgZ.JtKyXHUv.xJTp0169OO', NULL, 49, 1),
(44, 'luisenrique.medinaarias@hotmail.com', '$2y$10$h4XDrQqKAHZXP77pvaWFnuVYRA0xwE6mU0qasUOvRF7sMCXYULoky', NULL, 50, 1),
(45, 'anacadavid22@gmail.com', '$2y$10$z055l2yLPTasJvDH1rhoW.6fFQv2zv4VYk93CLwDWEApXwQNhFowm', NULL, 51, 1),
(46, 'diselectricos@gmail.com', '$2y$10$Afr1s1vXyWgBgOJUM2Z96.cOokZOgTinRGHyT7i.9imeT0MnJI/ru', NULL, 52, 1),
(47, 'acampo28.acl@gmail.com', '$2y$10$dNxtOxDUf0TcgaTJg9ABKergRusEjwk91bFYO9DxrSm7/9ZlKHFnK', NULL, 53, 1),
(48, 'oswaldo.gw@gmail.com', '$2y$10$MvySmNc2uIDlgpz6FXYjIuWOthAOo56m7aHiEd/8eGxMe6XRUt/2e', NULL, 54, 1),
(49, 'enfocatentuidea@gmail.com', '$2y$10$OefpjDDQn1wBRWBZ/38wSOkjT.Pz.RbyiQFHpebumKR4//WdphEdC', NULL, 55, 1),
(50, 'Kristian-cordoba@hotmail.com', '$2y$10$k9f3117JOb/VMbsPY6lD7u57blno40ec16sVsygYqzWSs36w7WsVi', NULL, 56, 1),
(51, 'didiersalinas1983@gmail.com', '$2y$10$Zgln2CKCA.UOsQ78/e.hReveCUUlaZMCu/JvLzTqia7.E8V/cp9ga', NULL, 57, 1),
(53, 'karen94ub@hotmail.com', '$2y$10$44S81tbU5QJ21uf6iFN5ReZLJVpZ2iastbXlNmLafl354TH/cBH2O', NULL, 59, 1),
(54, 'foroenergia@linkeventt.com', '$2y$10$6zLrjbi4PxsotLvAeYPLmO/Tpgtdi5opLMxVsGhLIIiyNKCgISmJm', NULL, 60, 2),
(55, 'proyectoselectricosamd@gmail.com', '$2y$10$HC/vsLor1sfCMlRqlyXNR.RF8lHM32bY4QmpjwQ1Dvsti6P1AJIhm', NULL, 61, 1),
(56, 'gioryiok@hotmail.com', '$2y$10$0/NGcU0Xn5TvcaatnY9fB.0k0h6wl2Bo/TBhQcfNzpN6/6.zwNgQu', NULL, 62, 1),
(57, 'canalmayorista@unitecusa.com.co', '$2y$10$J/Y8Orvez7sN.8EFkRCbjevi9sDMD7CLwZmNfs40nwOZmdE4T2.O6', NULL, 63, 1),
(58, 'dlobos@augura.com.co', '$2y$10$CWqYgWx6YELkWB3ESy4lr.HO39o2cnzMsnveAL6rfeTOKA6X.o7Em', NULL, 64, 1),
(59, 'Sointeghseq@gmail.com', '$2y$10$DWVhO7LtnaNIaagZyfipaunB4zXDqzCRjeVij4MgXS2MMAbdMVBk6', NULL, 65, 1),
(60, 'proyectoselectricosamd@gmail.co', '$2y$10$ixBRFvJYR7dV7HC8jXfeCOyoEY8iglS6clxKAhJVb5n3w6Vi93byO', NULL, 66, 1),
(61, 'humbertoconcejochigorodo@gmail.com', '$2y$10$Wk.STCqOPZOs4Lb8LU8G2utYqyox31DY5IX1q6qsuXKr99HRSWoIe', NULL, 67, 1),
(62, 'nectacano@gmail.com', '$2y$10$8dFa145dc01GF.aA6HRuM.3NaIjn/Vsuj0Ryj8lQHLFTaI110uvHa', NULL, 68, 1),
(64, 'sigambiente@yahoo.es', '$2y$10$Wl4EUVAYnK85j4N9gvXSYeweFoT8jUU3d4NsbB9kNpdkOqEFgM5.a', NULL, 70, 1),
(65, 'ccervantessalazar@correo.unicordoba.edu.co', '$2y$10$Gdjxkwxr7q8DHijTd27MOeq/BGDzbYt/EADm6wg5WtF1j0QFqoqEC', NULL, 71, 1),
(66, 'cegarcia.igz@gmail.com', '$2y$10$54w0IDCmDvD08O0mL9JSj.IxCBl1CjanYUPdaLyrnzQhDCVRYCICW', NULL, 76, 1),
(67, 'aganarchigorodo@gmail.com', '$2y$10$sj3M8VP69Rapz8tCi20EfOb8OyOhk9zZxS0D1YTX.3/uHGSWT1Hti', NULL, 102, 1),
(68, 'Pypasesorias@hotmail.com', '$2y$10$PvNMsJmM4qKjueFweO8Qiujn/VPT8fl5ltiD6Yo9evsNquMIr6fLS', NULL, 103, 1),
(69, 'alfredo.jaramillov@udea.edu.co', '$2y$10$GDFCAmt194D0uyDVkGn.S.8cYwenFR1b.LeurvmisKwlni0qxAIGG', NULL, 104, 1),
(70, 'beatrizcarmona06@gmail.com', '$2y$10$eLEvljOvHnVMp8NNEcg.z.AG1p/8B.CM1YztDJsWN1WOC6b1Di2NK', NULL, 105, 1),
(71, 'vladimir.toro@udea.edu.co', '$2y$10$ZBN35e0RhDRps1w0AaZE.e/RO1Qtgy4Qr.5zN4wiTz0x5EETIHm5.', NULL, 106, 1),
(72, 'uraba@parquedelemprendimiento.com', '$2y$10$8IKc721.ZZLI12OwGBPjBeMH9AjyJtpuuuXDuD2OZ8Cc44kuM2su.', NULL, 107, 1),
(73, 'heylerpalacios@hotmail.com', '$2y$10$J1YiYhzVoJb.FyDfIOI2Ou.HYjX77hXnGKwBRhn.kpwfmVIyFq1DO', NULL, 108, 1),
(74, 'admonjcglobal@gmail.com', '$2y$10$OJUSX8bX0hmX3ocULwnSIe9VOTJgoYsT/PvhTRzYkCFNYgsLhlWyG', NULL, 109, 1),
(75, 'sergiolambertino30@hotmail.com', '$2y$10$EmijNvsJtsPdbdS9kMp44Oax4KRjFcrFzPYwtSi9SraDz7oZFhJN2', NULL, 110, 1),
(76, 'juliana.quinover@gmail.com', '$2y$10$LFL8CZ/QCphI7JXl453R9u2gbXlInaqpie0N1izyFIU7QhQ.TpQP6', NULL, 111, 1),
(77, 'investigacionuraba@udea.edu.co', '$2y$10$Yzw.prQpPNR59a68BxgoheSqXXO/LQ3WdM1.OSaNCd0UcLbxGqug6', NULL, 112, 1),
(78, 'ruthemirag@gmail.com', '$2y$10$WBc//hSfXo.iJXfwoo92Cek0ql1L9sSDaZUmKxIDHh7yGlm6YF9Ge', NULL, 113, 1),
(79, 'melanime21@gmail.com', '$2y$10$th4sAkwpvvvyNT1a9no.uuyufQTXOckCmPxRQU9F/s84QgeLEYey.', NULL, 114, 1),
(80, 'dandrea.ortiz@udea.edu.co', '$2y$10$zQPC0JWxLxyC5Fr2yezAqeF.ADzoungDWU68VF7GdNaOMXqizbYU.', NULL, 115, 1),
(81, 'wilmar1550@ie-cadenalasplayas.edu.co', '$2y$10$/Zzh1tJ3Uzr2AQWvTnAQmOBOtL1fNnygHyqk.BEx6HvXI.unDwtcm', NULL, 116, 1),
(82, 'yagudelohen@uniminuto.edu.co', '$2y$10$yhKUpHbGgegjtiCYo4VtWeBsW59D32FiRMdSC1oJUyiEYTpqPJstu', NULL, 117, 1),
(83, 'yury_calderon@hotmail.com', '$2y$10$PetFriK/K0L0NrZewIPOPOUT9cST2Edsg8iLuqQCxlMfXW5xQBD6e', NULL, 118, 1),
(84, 'jgustavo.lopez@udea.edu.co', '$2y$10$0NJg/WbiAYHG/AWeCfylDOBLEooQOTMbJKF5zpWZ0YzbFfVKQoa8S', NULL, 119, 1),
(85, 'representacioneslagonzalera@gmail.com', '$2y$10$kWRWxqe2uLicgb09UTomx.EubUZ1sVVEMiqFA5cRdlZGvPgkAdZau', NULL, 120, 1),
(86, 'cambioradical2017@hotmail.com', '$2y$10$gKlcxZ8U1YW1iCl7gVpF/.Gw2PSx3sfrWbluvW6qXTSjW47gar1NS', NULL, 121, 1),
(87, 'ggep11@gmail.com', '$2y$10$heCxH3d0waY2yrXhmImWIu49zOJ34UBg0r/cN5hqjQYAH.ESGyZ3.', NULL, 122, 1),
(88, 'santimon@bancolombia.com.co', '$2y$10$fZYcZPcd79anSCnvLUAs.Ot4RHUR2MZhhvFl7pyurBYncKbOTtM/2', NULL, 123, 1),
(89, 'spdelgad@bancolombia.com.co', '$2y$10$1OT692x30vmZY/3sXXwNA.PVrCdY2WIho1MviBC8VLYJMRddaEaYu', NULL, 124, 1),
(90, 'marestre@bancolombia.com.co', '$2y$10$Y27RsGGr8.tE6tsmaPfDduS.vJWgBTaaJfebO/NEK45u447FG3FwO', NULL, 125, 1),
(91, 'fdezcur@edatel.net.co', '$2y$10$iKCCvVvNZ6TLUyBWt55ErulEqMnyhbe8N3Ra7S.ipx3/WBtt9sdvG', NULL, 126, 1),
(92, 'Anmocamp@bancolombia.com.co', '$2y$10$6nTI7ZYh6LRTCLCHOkvGKOkxvNqwVOueSZ8rM22o77E6XHmsDxi.u', NULL, 127, 1),
(93, 'FLEZCANO@BANCOLOMBIA.COM.CO', '$2y$10$/rGlct0slxxGrjPn8W/ndeVj2kClGbMrWhpwaifX/hxbDQnvotuOi', NULL, 128, 1),
(94, 'ARMOTO57@GMAIL.COM', '$2y$10$x6QZ.F3pxqQbe1fQyqpyaOo4HF2o7cbUKPzPS4UjjwQkOoz31r262', NULL, 129, 1),
(95, 'claritadurango@hotmail.com', '$2y$10$B21xVnkfGAJJ3XRXcdrqmeOwYcPWG9rZ6zo2Px60Es0KaCK/u4zVK', NULL, 130, 1),
(96, 'nelsonorozcom@gmail.com', '$2y$10$0hfDM9R3v26r.01igd2gpuSMaa5oyBWzzYAjabHEOJuGBVJNVjuKy', NULL, 131, 1),
(97, 'angelacastrilon11@gmail.com', '$2y$10$cRaCyLrJ7ysYqHb1ccSk0O0x4wT6ezCgEyAI5.QOnCCKBUiz6Y7TW', NULL, 132, 1),
(98, 'periodicotierracaliente@gmail.com', '$2y$10$YpdVSCqbQplEMlDyzYWwyuaYkyn1xmHtGQWdBAgWr4OZjlvg42phu', NULL, 133, 1),
(99, 'Administrador@futuraseo.com', '$2y$10$Ae.sKXnFh/C/a3AKUTizDez5oaO6UrKvzPO0tl8ICi1uci4wzzhaG', NULL, 134, 1),
(100, 'Cilusa.produccion@hotmail.com', '$2y$10$PPOTP5kNv2yZaRHd9PJdKeGgfxYhjSZzPOvPSbHQomP71L4Z59rUK', NULL, 135, 1),
(101, 'Gerente@apuraba.com', '$2y$10$bFzEsSL9XVONedyjcMvajurGRO8HPxeoHzuVRb1WUz0qKUcun757y', NULL, 136, 1),
(102, 'lmmarinr@tigo.com.co', '$2y$10$U6qSjqf3cdk8LHzeaTXjzO2LR0K5yBaSMuouglI6dxmmNjCNISaoa', NULL, 137, 1),
(103, 'gerenciag@grupoelgolfo.com', '$2y$10$VFA.XRQsR3lbVWyjihHYgOIHkjdEQeQD0tivmFw70laRxGv0tbGva', NULL, 138, 1),
(104, 'jcglobalcolombia@gmail.com', '$2y$10$qfzTHxwgGZ.thSfkFhjFVuE8FD6p0.RFv.glsdRAyQAaHKj8dmvyC', NULL, 139, 1),
(105, 'sebasalbarracin5@hotmail.com', '$2y$10$bfIV32K6RuZpFutIZcYAcukt9wCXSBjXnuxGc3yvT58swv7KFaLXC', NULL, 140, 1),
(106, 'felipe.civil78@gmail.com', '$2y$10$P38JDY6irPysvZ154IPzCeHIUA3HueHdnfH8BpUgcVk4AOeMS/tRi', NULL, 141, 1),
(107, 'josealdana45@yahoo.es', '$2y$10$RgZ1xK89NMqGuXfTyuTiaegqKZdsi1HNAD9ciCpApXG8cEyDNjbOu', NULL, 142, 1),
(108, 'rodiopi60@hotmail.com', '$2y$10$SrgF1YWBBB6XuBO9JrhznehSzLFyb4l.eiV8Wqq4dtZXekKelyNEu', NULL, 143, 1),
(109, 'topografojuanpino1970@hotmail.com', '$2y$10$c06sGoV4u54aaCChsJV6G.pGrJ8TC0nZqa5dYZZXhIpqM.jt3SJa2', NULL, 144, 1),
(110, 'gerencia.fenixid@gmail.com', '$2y$10$Cc8KonN2Uj81c4/P1curXuHCXFqjtX.sSfiyNtWUfyBFsKRbNodqm', NULL, 145, 1),
(111, 'tecnocortes@hotmail.com', '$2y$10$NX4Lwg9wn5t6dzlKvtPee.iQB/gmPkRw54w4T/B6MrD4zl8ppeSnm', NULL, 146, 1),
(112, 'ventas@inmobiliariadeoccidente.com', '$2y$10$LlOaNfOqE15kQfvjbt2w2eEMJC/hdYaoUEF8WYaoP45DhjNsLSkY.', NULL, 147, 1),
(113, 'invertirbienes@gmail.com', '$2y$10$lQe4UVdyfIo2Ud3g05OYr./kLwunSXbc9qxrWEJ5jEwLfkgnDFZY2', NULL, 148, 1),
(114, 'cristian.estradac@outlook.com', '$2y$10$lY25ag2sfq05jHxku7STw.Rrn9lpLU99UDwKOevk6p.qwNdzcgrDe', NULL, 149, 1),
(115, 'clasiga20@gmail.com', '$2y$10$MXyhqp4.cz8qzhFFvqD4qOdx3Uk4rxGBAq71GrHE19zJiuFP4OSpS', NULL, 150, 1),
(116, 'electrouraba@hotmail.com', '$2y$10$nwBLnwJUiaTb.anJswEd8eyn6HXhAZvVZT2nJ6TnR9FOTfvqvwe96', NULL, 151, 1),
(117, 'eisinhower.rincon@udea.edu.co', '$2y$10$NmcL6AegSfVri4QwuS3zJuSg1xsY6pZWGaujYAe3sL7NNhBpbjzim', NULL, 152, 1),
(118, 'jacg07@hotmail.com', '$2y$10$WhZiCihuwYecj7YPZPHTjemQ9GSTYRe0LWZHJaIodh6zoYhTdRblm', NULL, 153, 1),
(119, 'diegorestrepo.ing@gmail.com', '$2y$10$yV7PGsIotfVM9.EWv626...bzfMEojiaLxgEseDh1uEZOyD6l5GTS', NULL, 154, 1),
(120, 'carlosfelipe-21@hotmail.com', '$2y$10$evBoZz7pi/VbqPrvgaOAGez3IMw/TNNWvbqV0g4WstlNGTPQ7otoy', NULL, 155, 1),
(121, 'djcordobae@hotmail.com', '$2y$10$t.ULNWR8ob4t06Q9IodgO.4B67tCfJGKmDalrxjccijI.ERf7r17y', NULL, 156, 1),
(122, 'urabaculturapuerto@gmail.com', '$2y$10$Z/6DCQGqZUAJ4wIKfzyLIOQ8inJhl/7RwG8e2EVY84JenGBkvTxu6', NULL, 157, 1),
(123, 'davidfranco71@gmail.com', '$2y$10$8ntExK4iHkYF5kOl8vytdehmugvCoaC/SBB6NoPucJgSkECe2w1vK', NULL, 158, 1),
(124, 'mrestrepo@sena.edu.co', '$2y$10$i3X37XBTFIDCBES4MZise.yGROLneDgQ1WwvE/anISiFq7CbrxRO2', NULL, 159, 1),
(125, 'jmosquera@sena.edu.co', '$2y$10$TEES2d1w1UWWnzfTLsX81O/2TGajho.sssa4JRzAsxQA93aQ0Hw.y', NULL, 160, 1),
(126, 'arley_zea@hotmail.com', '$2y$10$LHe5EooTCENc23lpS2ahtuLVoVR6/0Qs2k58/2q2i4FDZTjnKA09y', NULL, 161, 1),
(127, 'rodney072@misena.edu.co', '$2y$10$W1gEqNkvjZJNpqwKcN7aeeMQWE1UlsIBI6pS5fWfwZIldQ0CHDOjW', NULL, 162, 1),
(128, 'rafamoske@gmail.com', '$2y$10$PoAt6mWXUhl0.iPUW9Ob/uDwyfTDpdgNuu7vFIjCDfoUsPuS7h52K', NULL, 163, 1),
(129, 'supervicionderedes@gmail.com', '$2y$10$EXdlxb5uIZvzk1TNaBLzYe4vBQbkK..PkU9W/pgK1c.ytWcQsJ5zO', NULL, 164, 1),
(130, 'yurituon@yahoo.es', '$2y$10$PMWEhUmEOgr/7QwQyZ6csOAq3shxvFFZwRcSF4iitusZ6OX5CTdUO', NULL, 165, 1),
(131, 'scmingeniero@misena.edu.co', '$2y$10$nq1yun0U9mlEBe8JXtJ5VOTHfUpINq0HOdMZYM4S/b3OAeTH2TMEa', NULL, 166, 1),
(132, 'yirson.ramos@udea.edu.co', '$2y$10$fyyV9K5azn0RfP6n.elTWOoksUVHwDVdY0RTkY2qrRq4/8lipcQqe', NULL, 167, 1),
(133, 'kelly.moreno1@udea.edu.co', '$2y$10$x6Fxp5bXA7kZWi/qnK/9VuJj8GsIfte/SE9dxvxFi8wg.rK0SuFRq', NULL, 168, 1),
(134, 'gerencia@y-aja.com', '$2y$10$t0sNI3JgVRNJgBzTl2uQ..sEZ8gQMkTfUYwG4vJrUD5KRjnbiNvvW', NULL, 169, 1),
(135, 'sdavid.velasquez@udea.edu.co', '$2y$10$MIRHF/kcEhxLC0jjUbAfIe5M3UKAWc5V2mRG6ddPmc1knxCqRCniy', NULL, 170, 1),
(136, 'danielavieragarcia@hotmail.com', '$2y$10$9HkcnY79didxu61HbVT4MuNlmVxyVhFGXvZD949guxsnzOrHuSSa2', NULL, 171, 1),
(137, 'Karen.llorennte@udea.edu.co', '$2y$10$yRyK6hWF6YNhbV24o6w/qOGaTj3uOK47bPT1xJaVrrsRzF7G.4n2q', NULL, 172, 1),
(138, 'estebanvieragarcia@hotmail.com', '$2y$10$RtvZtRbW2GeggftI9BEICe3o6ShNTrp0Th6SfWm7cv0LJKV7C7cmq', NULL, 173, 1),
(139, 'gerenciaadministrativa@cardecon.com.co', '$2y$10$qNULa2wM.gOAvZfGoqHq.ePmBJLnLMVnK1Oa5GKhR/iOB8Gv3yPGi', NULL, 174, 1),
(140, 'ltorresgmi@gmail.com', '$2y$10$sFgtZjISdWEFBqZf7G64m.kv6EZQt69m1c.q6W/jwideYnOuyOxdu', NULL, 175, 1),
(141, 'ehernandezgmi@gmail.com', '$2y$10$KB.cLWK2rntoUJXgq980eOvUIZnH0TgGIArlPI3Stads3p2HNrkJa', NULL, 176, 1),
(142, 'isabel-gtorres@hotmail.com', '$2y$10$ft1aPgT9P14uCfldUJ//7eso90R6DvsRLnmVUtKXeet/DCQJv7.x.', NULL, 177, 1),
(143, 'wilmarblandon@buceoydragados.com', '$2y$10$As4I1xs2n9fbLO842G4Ua.GsjKAs6VRKY3YaFqwwyXFAjFnvGcuFS', NULL, 178, 1),
(144, 'isabelherrera@buceoydragados.com', '$2y$10$LMbP1Dx1Gd74n825mVdtbeyQcQZyauO6BhM30o/2WQDFA2NdZR0.m', NULL, 179, 1),
(145, 'Libzulua@bancolombia.com.co', '$2y$10$HHepgIoxxhNF0vf9DUfkO./yk.ir2KMd/lt6MQPahYKiNU/yFI2qO', NULL, 180, 1),
(146, 'jaderosorio8@gmail.com', '$2y$10$rDJcyfEFW6roo8s8tlVjpuVrU.dzo8c24HJASqWf8NMibQytxsFQW', NULL, 181, 1),
(147, 'davidestebanochoa@gmail.com', '$2y$10$7XRrqYB53CtBwEwTAWagRuwCiTMAH16NrqZDGdFMoKkk1idQMoNoi', NULL, 182, 1),
(148, 'cnegretep@sena.edu.co', '$2y$10$qiLsHB/C22BUN0mEASDFQ.GZE6HhufUpxD0vfpN84YsSmf7PXP.hC', NULL, 183, 1),
(149, 'namadole@misena.edu.co', '$2y$10$c3Td7/mdH2l7pVsBlmjTYOj.p.G5Y7yCh0ZbJB71c7RQF0Z/FIPWC', NULL, 184, 1),
(150, 'dirseccionaluraba@udea.edu.co', '$2y$10$5MfXYkkjAqSLA/LGPTCalOVvN.mvPSaj6xpXZWLlqeWFU061/hq1e', NULL, 185, 1),
(151, 'innovacionuraba@udea.edu.co', '$2y$10$h.K5xLN6Lw5dR1dy/b8FxuwImfddMBT/eMpH6IxBho006fBt.dEvK', NULL, 186, 1),
(152, 'Retomundialadmon@gmail.com', '$2y$10$YkncmUpFGW.64EK9j1edJObRAEYcDb1sElGq.KiynvaMD2A/lAj26', NULL, 187, 1),
(153, 'edmunoz@sena.edu.co', '$2y$10$5KJr56BWEPHWnZ4kkUC3FuMyhfv0LyNiLz933oBE2lOw/fecQTJFq', NULL, 188, 1),
(154, 'imao.edu@gmail.com', '$2y$10$DT8qW609/0g3jsvzrFtfF.kqZkEDzW5PHHG/gBnSIk.M/LrPpfsSG', NULL, 189, 1),
(155, 'mbetancourtcaicedo@yahoo.es', '$2y$10$O76z/wydfoHQtuxHIWY8fOMnFPGyf70Czm4R9ppvq25WfoZa2Ex72', NULL, 190, 1),
(156, 'vicerrectoriaacademica@fesu.edu.co', '$2y$10$Bkcv7sL1n2alS58r7F4GU.QBmLk7IZNEH42z1Csg8j27sB48Q3eh6', NULL, 191, 1),
(157, 'sebastian.orozcos@udea.edu.co', '$2y$10$1KPGKq9ogSzxKJADYu1X4.G2l7xw/PpBPrBU1uCRm355IpjEjCwgm', NULL, 192, 1),
(158, 'felipe.alzate@revistaurabapremium.com', '$2y$10$ZlmtZ4DnTnNdsb7dZl8fzOvZQmbc3TF8bNLQxQ4lZgObFwkEOfwjy', NULL, 193, 1),
(159, 'elheraldodeurabagerencia2019@gmail.com', '$2y$10$pQ7/CSQiYCADFwWDsRNdE.H8RPneYmh17SvfJ.ckLgcTXUDbE8VE6', NULL, 194, 1),
(160, 'natycristancho@gmail.com', '$2y$10$VoOrQhIv8hmI.iI0jsBnrunyxFzyecZ1U4j17eLEK6VzvPrWy9JJ.', NULL, 195, 1),
(161, 'sandovalejo@gmail.com', '$2y$10$CkW7GXgCViW8powx5n.nPu29i595CkN3TXxgp/TaXmd/Uo1G5JMsK', NULL, 196, 1),
(162, 'haiber2@hotmail.com', '$2y$10$6X0lgdmDIyh.nUyiWsDtweQfjZal13ISDPbg31AhnFh93Y99Vfbje', NULL, 197, 1),
(163, 'difercar@hotmail.es', '$2y$10$.KaiGFjMHX8g2SDyW5RpV.IiU5v0deNDqaI4vKMRWeqNxtbyNUix.', NULL, 198, 1),
(164, 'josefernandocardenas@gmail.com', '$2y$10$uMEY79oWMxg.WRZSOgYyHeOhiT.xZn/poWU1AgPnpPWH/2lzE9Qdu', NULL, 199, 1),
(165, 'joany.sanchez@emergente.com.co', '$2y$10$ulMxNvXMU5Ug732KKf9GReNhYbTVFgaXyT8EMvX.kVBgU9BPVUb2y', NULL, 200, 1),
(166, 'iyoshioka@augura.com.co', '$2y$10$YtavBsfihS5FLGBGNkSNFuwYa.j9CdifMrCLT14cEWJBBjW6Prf5q', NULL, 201, 1),
(167, 'largel@augura.com.co', '$2y$10$jSPKnWW7QzP6LWSqexo1jeo710VKoVDJ2tA9M1jW/IaoVPJsiUZjC', NULL, 202, 1),
(168, 'dayana.v.b@hotmail.com', '$2y$10$Q7MZim38GRfJO2IAnza0fOgbIvDi6VtFn99q2zuGw.I0LAtRE2rFi', NULL, 203, 1),
(169, 'uraba@equiposamc.com', '$2y$10$A1MiDSO7DfnrlRUZS5c1LeR6GjkBb7NiH//QBZ0tv9G3csX0TFMoa', NULL, 204, 1),
(170, 'jruizz@sena.edu.co', '$2y$10$LLTj/.Ny.JBBi6H4mk8HNetoS.VB4wyeQUXCa.qz0pMwSa62LP.yO', NULL, 205, 1),
(171, 'entomologia@augura.com.co', '$2y$10$8LAHyn0vu3qp6tajybypTe2NYacJS4qRMCwN/nNUHCOeXDcqb8zim', NULL, 206, 1),
(172, 'sst@augura.com.co', '$2y$10$JMTzeHcVN.xtzu7LL7/xmekFzt8yDcZeecd20YwD1AcJIUh5XQQ5O', NULL, 207, 1),
(173, 'auxinvestigacion1@augura.com.co', '$2y$10$yLE32TyDgMT/v2wdLqjH7e3SNOWglfyPHIPGXb1HRTsopqsVv7tHG', NULL, 208, 1),
(175, 'dalondonop@sena.edu.co', '$2y$10$SP66796HF0H/6nXngv1B5e6ZjJtAfLFd8/qPxJVA3rugZdn2Gy/Pi', NULL, 210, 1),
(176, 'julianfb2000@gmail.com', '$2y$10$2a5fGiah2gbwZaYBJmJV2.gdGFO4j1gvaMMwBuSI9qfmgTsYVKm1S', NULL, 211, 1),
(177, 'cefas.hd@gmail.com', '$2y$10$ByrGDsvlSLuQxFZhn9H0SuoYXNWISkkK3.1lVxBKUypZzvsYEoYpK', NULL, 212, 1),
(178, 'auxcertificacionesg20@gmail.com', '$2y$10$jjhbiZc07zBGgkuVWM9bKuFUtLYvdu/nCnqS4CPxNGNnb5.6T71ye', NULL, 213, 1),
(179, 'direccionambiental@citropical.com', '$2y$10$l9qubGQacgsfosXgSe9Pre1Ibl4GfhvGpPAckRRbgFGdzdVBWQFXq', NULL, 214, 1),
(180, 'ambientalprac01@citropical.net', '$2y$10$PoFi27Okl0DxCSTF/NWQz.FXO1S9FHv.mKlX..lYY731ZNorHfz52', NULL, 215, 1),
(181, 'auxinvestigacion3@augura.com.co', '$2y$10$wA6b/Z2/NzzrzhFLvoP9VunGiiQNLCoTy4LCwvhlvFTliRiJ3F.yi', NULL, 216, 1),
(182, 'jhony.arroyave@epm.com.co', '$2y$10$t1Zzy6NbULfbWRcYAVXPzeJfsGK9Q0j2Jsq5qXZvz6wAAFUbTz.Ae', NULL, 217, 1),
(183, 'jasbleydi.castrillon@upb.edu.co', '$2y$10$YtV/28SpZnkH5wlgUqqgOu2dXh6G60XcWoeXPrar1XpY6sgbuIKUC', NULL, 218, 1),
(184, 'luz.benitez@upb.edu.co', '$2y$10$Q5BAWXqzuf4mLVHskeGCrOyiUD.95NNPl0j7Vq4pinazKDuQuJOMW', NULL, 219, 1),
(185, 'Arquitectomiguel05@gmail.com', '$2y$10$pWpDcaX1qP3HCKV4kR1s0.AF5lohkD/zVzi/Va02Bccl9UdkOQq9C', NULL, 220, 1),
(186, 'lipe05@hotmail.com', '$2y$10$zytIOrSAOkNj8WSMIzb1kOM5wWrdO2Cjk7Pj1L6RfxRUgEoXoKI1u', NULL, 221, 1),
(187, 'juandavidc86@hotmail.com', '$2y$10$lwnS0DkMRt2Y8MC2ypOh8.7TaA6HB4zR61UJg3APJz1QKLXVt7vrS', NULL, 222, 1),
(188, 'alcalde@apartado.gov.co', '$2y$10$nUktIToKAQae4kY5rUt1GOzBnPcyfzPcHnUfsgLezf2gqMAhTrfzW', NULL, 223, 1),
(189, 'dfvs-1030@hotmail.com', '$2y$10$jXrOHYpYrPLbksSB4YX2LOI34wQgrQWyxKH3YWsmvE/G4NFF.DkYy', NULL, 224, 1),
(190, 'reyes862@yahoo.es', '$2y$10$lmaUWpmTeAHLCqgRFxmOY.5L0W8F0ptTuD1I1nOxXffAT.TW5tou6', NULL, 225, 1),
(191, 'manchotorres@gmail.com', '$2y$10$ghIETAlLzFK1u7/fILf20.IedLnPX5qr.kt/p80sAsjrOYSWGqeKK', NULL, 226, 1),
(192, 'gerente@empresaspublicasdeapartado.com', '$2y$10$FvB767Htc1jQKrdIyC9e.uykUx721eD.AjTC.uDcHUNgGh8.yc3mW', NULL, 227, 1),
(193, 'olgalucimonac@gmail.com', '$2y$10$TjQoqIooKQMP5Zf9UppXDuw/crgI4wxlyzCcPp7K56NSE.d5/UEki', NULL, 228, 1),
(194, 'monroyjuan2003@yahoo.com', '$2y$10$wjfBPcuzsEmPg7YVJ0MCCeN62ByTkINLs/VwMSg/lT1RMdgwIQmXO', NULL, 229, 1),
(195, 'jdvergara@uniban.com.co', '$2y$10$TTrmNxwvL0nl5ymTd0B99O9lbwjONf8vv0c9KSkgZaYB.uliV23Yq', NULL, 230, 1),
(196, 'suganarsa@suganar.com', '$2y$10$XLYOxV4DBFV3ox7/BtHoiu801UmwKfip7Kn7I13XiIjWEKNyVbDiu', NULL, 231, 1),
(197, 'suganargerencia@suganar.com', '$2y$10$DiUDt92qv8hpxfk7AtuIe.PlJHI4OtrAqulh.AabCI4U2qC9Xrjcy', NULL, 232, 1),
(198, 'secretaria@empresaspublicasdeapartado.com', '$2y$10$2PDbVjBIh1wCEAqPsR77BudNKvuPsBMtXTzrcp4En/9E1ey8tp8xu', NULL, 233, 1),
(199, 'suganarpalma@suganar.com', '$2y$10$RykortfFgz4gxuqJGWNSBeQ4lkuKrPzqtiA.EAfl6KvHlQSRg7wHG', NULL, 234, 1),
(200, 'edaguirre01@hotmail.com', '$2y$10$fC9DR0YXV7Lvb16NPVbR5.wzys/mgnoCi7tLISHoKxV7FjFXBC.He', NULL, 235, 1),
(201, 'suganaralcliente@suganar.com', '$2y$10$XLdew7zMsyqKzALMBI5Y/O6MeU86mLYMV54EFrbf15wkDhd7ed9D6', NULL, 236, 1),
(202, 'maelu2509@gmail.com', '$2y$10$.qNNpv/cSU4jNNBhzBCJ/.aUmxJw4p2vU76AzKkcVShZZX7KjHjle', NULL, 237, 1),
(203, 'linaarango2011@hotmail.com', '$2y$10$EAI4hgRBx.GjwUVXbGGpDOqjYEqsQBCy5ziYw4e7YAFjV3NbLcAj6', NULL, 238, 1),
(204, 'gacastillaa@hotmail.com', '$2y$10$oJhi7./WzcyLHG6VKVDxIOC0mB9tQSSb5ckE0XKm5k0qoJ013uwea', NULL, 239, 1),
(205, 'camilovision@gmail.com', '$2y$10$GCDf34QpYwkE8nK5/J7auOYr6Ma/N9f9B/1cOQsO69HOjT4xy3Q/q', NULL, 240, 1),
(206, 'innata.mobiliario@gmail.com', '$2y$10$U3AFo5aLz6QPntpoaoFoyuD.65mfLLhQFZI1.cG5AP19GSxN/WmB6', NULL, 241, 1),
(207, 'ahiguitap@gmail.com', '$2y$10$hiX/buzpzoDgV49t7nB/2u4xBRTvLUJ3Zrz.YWolbeRgyHO.MMff.', NULL, 242, 1),
(208, 'olgalucimonac@hotmail.com', '$2y$10$KWvmKNKiunNLxVEltvwFZ.E5vzrKBzlWExLKVsgcAGcUvCGdR5hWq', NULL, 243, 1),
(209, 'p.torrest@pisisisa.com', '$2y$10$ZqCyuxOQfrgTJJXsMlMMreUERTuHBXp122nYdeQMjKtPOf49lhNcO', NULL, 244, 1),
(210, 'diruraba@camacolantioquia.org.co', '$2y$10$TdyO/BOZaB69UWeQCOIc9.uIBM4OGLBppe5cAmu1zD8Au33vXGVfe', NULL, 245, 1),
(211, 'teofilolemo27@hotmail.com', '$2y$10$Rr.PAU68N3zFdr5gPzw3l.lZD48I8ceccUb2bo0XLx7AA7swax3AS', NULL, 246, 1),
(212, 'v.aristizabal@pisisisa.com', '$2y$10$/6d/rOiao8VPBNye21vJwOKHtiAB7Y4a/o6SInx1.DLya4umT86wW', NULL, 247, 1),
(213, 'cristiangranado28@gmail.com', '$2y$10$TF6kk.azK1dJfhcX5JjwVOuJfop9psYPohGYT3x5LKK1K6mT7jEqy', NULL, 248, 1),
(214, 'jdduque@trc-pisisi.com', '$2y$10$H4dwRlu0FKCox2HuXzGOW.f5WK2PRzCGzGWcDxuOzQdh79lQX27r.', NULL, 249, 1),
(215, 'gerencia@apistograma.com', '$2y$10$l4HjGC8KCs.vCm9FrofcPeDFnvLbgwd8B7wA///2my8hu3IBO1vi.', NULL, 250, 1),
(216, 'Jaicalder46@hotmail.com', '$2y$10$W40fwZygT.OB1eNvJsd0ke.q5c/Z20YqDYS2S5pyaTYmnsPbIyly6', NULL, 251, 1),
(217, 'fagomez72@gmail.com', '$2y$10$RW1JNsU2.QRDv0Z3p5Iao.M9ZU11vnjkARqfnyIPkxDQwb7DVoQZS', NULL, 252, 1),
(218, 'Laun0117@gmail.com', '$2y$10$nO6IAeH5QvrfBxZF13yzq.SQR43rpLy0Wi.64ugczx.EdW4O1RdG.', NULL, 253, 1),
(219, 'luisa.audiovisualworld@gmail.com', '$2y$10$/bP37KGAOaUnIMzMcHWWDOozwQ472Exls/GA8KO5FPIsq1yt0i5eC', NULL, 254, 1),
(220, 'j.alta.mar@hotmail.com', '$2y$10$YdV5wMXsTszHjSzh.U3opel2GBsA96VnV.YEzggfHj8OAHbJ8WywK', NULL, 255, 1),
(222, 'samuel.valencia@epm.com.co', '$2y$10$w2DnO7qSNjAbQ1vn./BZUOeN89blKfbJK6Dbm7LDKQyRdT/fE0bWS', NULL, 257, 1),
(223, 'jcarril@bancolombia.com.co', '$2y$10$TtWAL9PqB9NtLPAhEyFgOuU9w9f0afoZT1yn0wX4GAVjifUNbVGCm', NULL, 258, 1),
(224, 'sandra.trochez@epm.com.co', '$2y$10$J5rXXr731IKWuGj2ElQiEugv15guPsa9u3egxCLDp21j0NIS5Z/1S', NULL, 259, 1),
(225, 'administrativo@extractorabpd.com', '$2y$10$KUU7xdLWZMQ/tTH0wgeeReKcpGHiD/IML3YFTdCAFwxbX3WmONrce', NULL, 260, 1),
(226, 'jorge.wolf@epm.com.co', '$2y$10$is4hxo/Dq92Tbf70mPUAJubyPMqWDaAyXmCfjTqIGJUOI1WoAwR5G', NULL, 261, 1),
(227, 'quimade@hotmail.com', '$2y$10$o7mL//0JcAdFipX2HqWijuWsCVwbzyaKr6wgyJjdSRlODaejzKm1q', NULL, 262, 1),
(228, 'carlos.pinilla@epm.com.co', '$2y$10$ZqAEMObHwmhyZ8tgzlkbdOBgkQO5k.ip4bkC25SJnCx8WHvjYNBYW', NULL, 263, 1),
(229, 'solarycomunicaciones@gmail.com', '$2y$10$xpfaV17tdom.ZZx.DlSahu0j9/vXHMePpjKZZWoBXPOetPFQi3tLm', NULL, 264, 1),
(230, 'urabanoticias1@gmail.com', '$2y$10$qPLYd7Ues7FF4UU5xy8SMeWal6J2/LKVxw.WGujInvgg8JjoV6mCu', NULL, 265, 1),
(231, 'paolavision@gmail.com', '$2y$10$G/Q0Ig6Jg.p3/.3VtuCmv.CrW7V5kAsW76aa6nU0i3X3.ACph9Wpu', NULL, 266, 1),
(232, 'bsalazar@uniban.com.co', '$2y$10$2M3DtkW0Wxs5klZiJodi.eyoincbO.3dpTvXlQC6ei0OceqSYd3Bu', NULL, 267, 1),
(233, 'santrochez@yahoo.es', '$2y$10$/FHTxHOCR2jqys6tUpblfOb8QqVvWq7Y3.yLjT.zGmb0cm/f378T.', NULL, 268, 1),
(234, 'lmejia@puertoantioquia.com.co', '$2y$10$s4X5tdMh2Tl4b51L3RDDie80LXlON41UHoaEQfiNKMnEGA9vWkQj6', NULL, 269, 1),
(235, 'nigiraldoc@gmail.com', '$2y$10$zUDTg9va3o5K2a22hlYmoei845PxoxJQAkJBGKVjjIixKW06/iBC6', NULL, 270, 1),
(236, 'imadrid@puertoantioquia.com.co', '$2y$10$q5vsjnpYB2XPFUPv1kkxfe.UOiNMs0h0c08rMza7owNEbJC.pD6tC', NULL, 271, 1),
(237, 'abustos@piosas.com', '$2y$10$0bMi3V181FPLApWjJHzEduKTln3xUSwc1S9j7nP7W6wh77eIegkWW', NULL, 272, 1),
(238, 'jhon.restrepo@banacol.com.co', '$2y$10$Z97LuHJSug9i5Q5l7dtaXO7Y4VYFg0JxlqlScpeeYSQj5Zp7xcwqS', NULL, 273, 1),
(239, 'jaimeenrique@misena.edu.co', '$2y$10$ToawjlNPDp3i2rlRK4vc5O5TqhzVEtpCeB9CdC.GRluCk7PtigoZu', NULL, 274, 1),
(240, 'Margarita.bolano@banacol.com.co', '$2y$10$FztQI4yc36Zz8WWHqVrVAe1ObOv7HxL7foijPzlb0w0A8p2YfX6R.', NULL, 276, 1),
(241, 'Luis.gomes@banacol.com.co', '$2y$10$KqV/2H5/3NriF8Klk20uAOSVakh9bU/OgUKmoKTbDVL2dwn1YJUfy', NULL, 277, 1),
(242, 'Geraldinvillafanedz@gmail.com', '$2y$10$I3TIP8IKLW2gdmfz.4DPVO0vYobwybpJRH1W0gPApcfqEXqACntjm', NULL, 278, 1),
(243, 'gerencia@gasovida.com', '$2y$10$f4Rogj9jsvBJE2S4Su0Gae4lE2HUueuB75qt1xftrPgujGksp4opu', NULL, 279, 1),
(244, 'Geduinjose@yahoo.es', '$2y$10$3i7PRp0Qfxa591K1ZBHDJeWXv8LZV77uyPHsAUPqfP286knGHYbcK', NULL, 280, 1),
(245, 'aof0157@hotmail.com', '$2y$10$jIni75Vy/2scJJrK4Xq6VuI7HcHEvrnFGhDcUVT3T8FiOvZhOSOU.', NULL, 281, 1),
(246, 'Lucina.renteria@ucc.edu.co', '$2y$10$ZmG1z8M10OeafwMmOJbC1efkH3jMfVG7zVH2PSlDPPHVrBikcZgQG', NULL, 282, 1),
(247, 'mariane.cheverry26@gmail.com', '$2y$10$OpnjopZKTJQSMAXUIAUeTerpXZX/liZ2/LZm.6b2fmDNuN0Yv.avS', NULL, 283, 1),
(248, 'alejitacadavid09@gmail.com', '$2y$10$1FQuGKImY06elMN3Cr.5au5vQpeJiFDIkjVJQAO6LZYVQeNZ2OTke', NULL, 284, 1),
(249, 'yordano.tabarescortes@gmail.com', '$2y$10$2PvjqGL0GEuOcHQ87nnWK.KxRJoNkno0iTuOguEs9yFGz.bRM375K', NULL, 285, 1),
(250, 'agomar18@gmail.com', '$2y$10$butsh436m2ygkhsqHoNcOOhoZbbXLtn37RVYCNbDq492cxVQyztpC', NULL, 286, 1),
(251, 'londoluis123@gmail.com', '$2y$10$FuYXwg99AaPY4Ge1gXlO1eE2RHpTmem19Ae4ABI056.tSQB8yIMxG', NULL, 287, 1),
(252, 'luis.morenogarcia88@gmail.com', '$2y$10$sjSLlR40fhbeqM7RTAJxA.ehjvzSCGAwBeERmXeuISsmhtfqVx5Pq', NULL, 288, 1),
(253, 'harlemcogollo2017@gmail.com', '$2y$10$AEg4N/qwAvHrFwLVDZOoLOUrQl7cwfixwuB7AlTYUu8T0Flrx5ZMS', NULL, 289, 1),
(254, 'athalamiderosa@gmail.com', '$2y$10$U6MBxrmCAllRBQX0XF7Gv.cPlHKNy3HX60Qtg8gCQ4hehB772Duwa', NULL, 290, 1),
(255, 'monin522@gmail.com', '$2y$10$nsDzK8jq5HpmhelSnXMZ6eKjvhiuhBkjf8HeUjhaPtcpthBVQD0Ga', NULL, 291, 1),
(256, 'jaimea.suarez@udea.edu.co', '$2y$10$Z.hmSGyzJtINqmCYgr6ULeW9AnhNnElmlDBTRGLqgTXt3FqeXEvH6', NULL, 292, 1),
(257, 'david199215@gmail.com', '$2y$10$Th6jyrL73A27rsynRHuNg.vbiSGxYPb/4K1W84/7i7y7HViE9YDem', NULL, 293, 1),
(258, 'dbeytar@puertoantioquia.com.co', '$2y$10$0OJvDEjXbkmoqk7UymOQWOvx6GCkUNMb.yM3c21lEiSjGVzUKpF9C', NULL, 294, 1),
(259, 'olgaecomunicacion@hotmail.es', '$2y$10$Etih1PSjAygz.OOWvK/Vre3LwZzhQRY2IOUXP91Hlneb0gRkDx2yC', NULL, 295, 1),
(260, 'rangelpalaciosr@gmail.com', '$2y$10$6u0OZ4/gzJsvbzw25Oj.PeVA9w7KTPIyiWbLdIJxq/rAB9I2Rsqiu', NULL, 296, 1),
(261, 'adolfoayala1977@gmail.com', '$2y$10$vT6MgbqwvMabXdAPVGGp3.76Kraa/pziOxvjZuHT5HZWw1R8nEfQG', NULL, 297, 1),
(262, 'sol.cielo@gpiconstructores.com', '$2y$10$njaizcQSVy.oos9QJhEQNuW0RSeI0tRBeNmBu/mn.V8jFkOR4vI66', NULL, 298, 1),
(263, 'reservas@ecoviajesdarien.com', '$2y$10$jI1gyI61QVPytyglYH8Qhur5zKe1Bbqk7ITHiQZfHOR17AFMWAc7O', NULL, 299, 1),
(264, 'cesaracosta210@gmail.com', '$2y$10$1RUrvz2GH3yv6cM1MbuOp.66/K55Uq4VIuU41sAvIq0KppkCkcIGG', NULL, 300, 1),
(265, 'Julianamona@gmail.com', '$2y$10$kPd2lM1k0MqgO52w9D1GjuvmIhEE9DAjLzplMgDpDOwFIcPQ5nFIK', NULL, 301, 1),
(266, 'Jimmycordoba@gmail.com', '$2y$10$NqPxzTFRx4jsxahMKzxUbeTml0YDa6F7l8vVwbMrti4PIbMUenIBe', NULL, 302, 1),
(267, 'andresfelipe1348@ie-cadenalasplayas.edu.co', '$2y$10$vSLmsYtlKQBgWVpsAVpxg.ARQDnrtQmS9j.LfRCGFtl55YPymMnzm', NULL, 303, 1),
(268, 'Sabt1994@hotmail.com', '$2y$10$zU9/dU/BSQUx4HdxBuW.k.xT1JZJKaqrPjccsqeZAWuY1qvaGoSkm', NULL, 304, 1),
(269, 'martishernandez@gmail.com', '$2y$10$fzqhjS3v2fNQ0FBehcRsEefbLSKvDwXxLMbmYn1I4Jwqn.URZ2FW.', NULL, 305, 1),
(270, 'Jeanpaul6449@ie-cadenalasplayas.edu.co', '$2y$10$0ODocwn2uGp85DQJfVk6euGfHtS3XgcG9SKHyCqhUVn2yDlJBIsxe', NULL, 306, 1),
(271, 'Wendycandona2012@gmail.com', '$2y$10$FdxfLYbmJS0LZ0eLDQoSM.g7IMFuDGP1QEUTw1s/XxzyApuQQrE8m', NULL, 307, 1),
(272, 'jesusbolivar@gmail.com', '$2y$10$S/M42R0wZOnpG7NOr9057eChwNE8fOtrgBVx0QdA1rQiJY0TvnaDq', NULL, 308, 1),
(273, 'samivelez1019@hotmail.com', '$2y$10$8OPUBMZ/v9ts0Akk0NZFvuhcRUCl1HWjzjBWLYygAYVdEhy/G/ydi', NULL, 309, 1),
(274, 'anaalvarez0609@gmail.com', '$2y$10$zqbEA9/Vf4mvQCHeJRFHoOZWG0gL/e/iO.ApycxqRWi0CRUviQ/aK', NULL, 310, 1),
(275, 'Valeriaareiza20@gmail.com', '$2y$10$ctLzB7HNWDcj5kmm8BEAoOWBY6L8OCD1XjGi1XId/jHnBGGyyNT3u', NULL, 311, 1),
(276, 'gerencia@impys.com.co', '$2y$10$sZLxfQcha2QwUdJnbfODp.nq7PwKG.TqQTp2gV9ydi3Ayvtwlko86', NULL, 312, 1),
(277, 'regulatoria@ser-colombia.org', '$2y$10$am1pRBizXq4apbA.NMeUB.8L106R3MZZOQGKYftxJqcNv5sRI9QIe', NULL, 313, 1),
(278, 'kmartinez@fenalcoantioquia.com', '$2y$10$XLuttVOdlqeVpOKBM/hBSepOCKe8pej6wE3TXZcIoVqp.GKUyZ.Ea', NULL, 314, 1),
(279, 'montesrubiel@gmail.com', '$2y$10$EQcnrPio8AzaPgrv1ZR04OXiLNig5WaOViBFBe6wvamiQsys5RXMW', NULL, 315, 1),
(280, 'asotunec@gmail.com', '$2y$10$cV61Dmh5ltXyLYNJCx1H5OV5sJF0F7giquRhuXrxL3BfXCmyJBCdm', NULL, 316, 1),
(281, 'alexisrodriguezusma@gmail.com', '$2y$10$Owq7LEbIENrTXhXPYGp4pu59hJMMkPSnTwk650rWcPLi6JpnCIKcO', NULL, 317, 1),
(282, 'ingcarlosalvarezp@gmail.com', '$2y$10$OFpvjIQt5OZSdWg9wE18ge4S3dV.oZuigI8kBEJ88Mztp1hLL3Ub6', NULL, 318, 1),
(283, 'luz.moreno@epm.com.co', '$2y$10$rZl9BhKo4B/QVe5fwysdu.YMoS4HFlMzu/bjjc858VA26ieWEz/yS', NULL, 319, 1),
(284, 'gomezdiazluisalfonso@gmail.com', '$2y$10$eUNtSGxU3U8E6lARs.IEUequ7gmd5.Pq0e6pSMCy6MiVrFuDLdeRG', NULL, 320, 1),
(285, 'pepito@gmail.com', '$2y$10$VYyYtxV09wokjiIlCM4Ytu1IEIVDvWbOIaNztmpauH..YVshevLWy', NULL, 321, 1),
(288, 'carcamoandradesandra@gmail.com', '$2y$10$Jl2qi.ykPRAi/fGBlY4EGOQNuL5qF8aU0ZUVD3o0GlWu6tDzdVMDC', NULL, 324, 1),
(289, 'larasuarez04@gmail.com', '$2y$10$wBT9sCH46RNba4d8PGdgWOK1/mHFEcDqyqgG8r2mfHVqjdyWp4keW', NULL, 325, 1),
(290, 'cacesa8931@gmail.com', '$2y$10$VrmocjLorxLYpu2uFgyzVeggMFs9d.zgYBlNoV/ikDKfPep1xAyQ2', NULL, 330, 2);

--
-- Índices para tablas volcadas
--

--
-- Indices de la tabla `admin_eventos`
--
ALTER TABLE `admin_eventos`
  ADD PRIMARY KEY (`id`),
  ADD KEY `evento_id` (`evento_id`),
  ADD KEY `usuario_id` (`usuario_id`);

--
-- Indices de la tabla `archivos`
--
ALTER TABLE `archivos`
  ADD PRIMARY KEY (`id`);

--
-- Indices de la tabla `categorias_emprendimientos`
--
ALTER TABLE `categorias_emprendimientos`
  ADD PRIMARY KEY (`id`),
  ADD KEY `cod_evento` (`cod_evento`);

--
-- Indices de la tabla `emails_masivos`
--
ALTER TABLE `emails_masivos`
  ADD PRIMARY KEY (`id`),
  ADD KEY `evento_id` (`evento_id`),
  ADD KEY `emisor_id` (`emisor_id`);

--
-- Indices de la tabla `email_masivos_usuarios`
--
ALTER TABLE `email_masivos_usuarios`
  ADD PRIMARY KEY (`id`),
  ADD KEY `usuario_id` (`usuario_id`),
  ADD KEY `emails_masivos_id` (`emails_masivos_id`);

--
-- Indices de la tabla `error_log`
--
ALTER TABLE `error_log`
  ADD PRIMARY KEY (`id`);

--
-- Indices de la tabla `eventos`
--
ALTER TABLE `eventos`
  ADD PRIMARY KEY (`id`),
  ADD KEY `organizador` (`organizador`),
  ADD KEY `evento_padre` (`evento_padre`);

--
-- Indices de la tabla `inscripciones_eventos`
--
ALTER TABLE `inscripciones_eventos`
  ADD PRIMARY KEY (`id`),
  ADD KEY `fk_inscripciones_eventos_personas_idx` (`personas_id`),
  ADD KEY `fk_inscripciones_eventos_eventos1_idx` (`eventos_id`);

--
-- Indices de la tabla `pagos`
--
ALTER TABLE `pagos`
  ADD PRIMARY KEY (`id`),
  ADD KEY `evento_id` (`evento_id`),
  ADD KEY `usuario_id` (`usuario_id`),
  ADD KEY `<rchivo_id` (`archivo_id`);

--
-- Indices de la tabla `personas`
--
ALTER TABLE `personas`
  ADD PRIMARY KEY (`id`),
  ADD KEY `fk_personas_tipos_documento1_idx` (`tipos_documento_id`),
  ADD KEY `categoria` (`categoria`);

--
-- Indices de la tabla `tipos_documento`
--
ALTER TABLE `tipos_documento`
  ADD PRIMARY KEY (`id`);

--
-- Indices de la tabla `usuarios`
--
ALTER TABLE `usuarios`
  ADD PRIMARY KEY (`id`),
  ADD KEY `fk_usuarios_personas1_idx` (`personas_id`);

--
-- AUTO_INCREMENT de las tablas volcadas
--

--
-- AUTO_INCREMENT de la tabla `admin_eventos`
--
ALTER TABLE `admin_eventos`
  MODIFY `id` int(11) NOT NULL AUTO_INCREMENT, AUTO_INCREMENT=2;

--
-- AUTO_INCREMENT de la tabla `archivos`
--
ALTER TABLE `archivos`
  MODIFY `id` int(11) NOT NULL AUTO_INCREMENT, AUTO_INCREMENT=24;

--
-- AUTO_INCREMENT de la tabla `categorias_emprendimientos`
--
ALTER TABLE `categorias_emprendimientos`
  MODIFY `id` int(11) NOT NULL AUTO_INCREMENT, AUTO_INCREMENT=13;

--
-- AUTO_INCREMENT de la tabla `emails_masivos`
--
ALTER TABLE `emails_masivos`
  MODIFY `id` int(11) NOT NULL AUTO_INCREMENT, AUTO_INCREMENT=6;

--
-- AUTO_INCREMENT de la tabla `email_masivos_usuarios`
--
ALTER TABLE `email_masivos_usuarios`
  MODIFY `id` int(11) NOT NULL AUTO_INCREMENT, AUTO_INCREMENT=52;

--
-- AUTO_INCREMENT de la tabla `error_log`
--
ALTER TABLE `error_log`
  MODIFY `id` int(11) NOT NULL AUTO_INCREMENT;

--
-- AUTO_INCREMENT de la tabla `eventos`
--
ALTER TABLE `eventos`
  MODIFY `id` int(11) NOT NULL AUTO_INCREMENT, AUTO_INCREMENT=4;

--
-- AUTO_INCREMENT de la tabla `inscripciones_eventos`
--
ALTER TABLE `inscripciones_eventos`
  MODIFY `id` int(11) NOT NULL AUTO_INCREMENT, AUTO_INCREMENT=320;

--
-- AUTO_INCREMENT de la tabla `pagos`
--
ALTER TABLE `pagos`
  MODIFY `id` int(11) NOT NULL AUTO_INCREMENT, AUTO_INCREMENT=207;

--
-- AUTO_INCREMENT de la tabla `personas`
--
ALTER TABLE `personas`
  MODIFY `id` int(11) NOT NULL AUTO_INCREMENT, AUTO_INCREMENT=331;

--
-- AUTO_INCREMENT de la tabla `tipos_documento`
--
ALTER TABLE `tipos_documento`
  MODIFY `id` int(11) NOT NULL AUTO_INCREMENT, AUTO_INCREMENT=4;

--
-- AUTO_INCREMENT de la tabla `usuarios`
--
ALTER TABLE `usuarios`
  MODIFY `id` int(11) NOT NULL AUTO_INCREMENT, AUTO_INCREMENT=291;

--
-- Restricciones para tablas volcadas
--

--
-- Filtros para la tabla `admin_eventos`
--
ALTER TABLE `admin_eventos`
  ADD CONSTRAINT `admin_eventos_ibfk_1` FOREIGN KEY (`evento_id`) REFERENCES `eventos` (`id`),
  ADD CONSTRAINT `admin_eventos_ibfk_2` FOREIGN KEY (`usuario_id`) REFERENCES `usuarios` (`id`);

--
-- Filtros para la tabla `categorias_emprendimientos`
--
ALTER TABLE `categorias_emprendimientos`
  ADD CONSTRAINT `categorias_emprendimientos_ibfk_1` FOREIGN KEY (`cod_evento`) REFERENCES `eventos` (`id`) ON DELETE CASCADE;

--
-- Filtros para la tabla `emails_masivos`
--
ALTER TABLE `emails_masivos`
  ADD CONSTRAINT `emails_masivos_ibfk_1` FOREIGN KEY (`evento_id`) REFERENCES `eventos` (`id`),
  ADD CONSTRAINT `emails_masivos_ibfk_2` FOREIGN KEY (`emisor_id`) REFERENCES `usuarios` (`id`);

--
-- Filtros para la tabla `email_masivos_usuarios`
--
ALTER TABLE `email_masivos_usuarios`
  ADD CONSTRAINT `email_masivos_usuarios_ibfk_1` FOREIGN KEY (`emails_masivos_id`) REFERENCES `emails_masivos` (`id`) ON DELETE CASCADE,
  ADD CONSTRAINT `email_masivos_usuarios_ibfk_2` FOREIGN KEY (`usuario_id`) REFERENCES `usuarios` (`id`);

--
-- Filtros para la tabla `eventos`
--
ALTER TABLE `eventos`
  ADD CONSTRAINT `eventos_ibfk_1` FOREIGN KEY (`organizador`) REFERENCES `usuarios` (`id`),
  ADD CONSTRAINT `eventos_ibfk_2` FOREIGN KEY (`evento_padre`) REFERENCES `eventos` (`id`);

--
-- Filtros para la tabla `inscripciones_eventos`
--
ALTER TABLE `inscripciones_eventos`
  ADD CONSTRAINT `fk_inscripciones_eventos_eventos1` FOREIGN KEY (`eventos_id`) REFERENCES `eventos` (`id`) ON DELETE NO ACTION ON UPDATE NO ACTION,
  ADD CONSTRAINT `fk_inscripciones_eventos_personas` FOREIGN KEY (`personas_id`) REFERENCES `personas` (`id`) ON DELETE CASCADE ON UPDATE NO ACTION;

--
-- Filtros para la tabla `pagos`
--
ALTER TABLE `pagos`
  ADD CONSTRAINT `pagos_ibfk_1` FOREIGN KEY (`evento_id`) REFERENCES `eventos` (`id`),
  ADD CONSTRAINT `pagos_ibfk_2` FOREIGN KEY (`usuario_id`) REFERENCES `usuarios` (`id`);

--
-- Filtros para la tabla `personas`
--
ALTER TABLE `personas`
  ADD CONSTRAINT `fk_personas_tipos_documento1` FOREIGN KEY (`tipos_documento_id`) REFERENCES `tipos_documento` (`id`) ON DELETE NO ACTION ON UPDATE NO ACTION,
  ADD CONSTRAINT `personas_ibfk_1` FOREIGN KEY (`categoria`) REFERENCES `categorias_emprendimientos` (`id`) ON DELETE CASCADE;

--
-- Filtros para la tabla `usuarios`
--
ALTER TABLE `usuarios`
  ADD CONSTRAINT `fk_usuarios_personas1` FOREIGN KEY (`personas_id`) REFERENCES `personas` (`id`) ON DELETE CASCADE ON UPDATE NO ACTION;
COMMIT;

/*!40101 SET CHARACTER_SET_CLIENT=@OLD_CHARACTER_SET_CLIENT */;
/*!40101 SET CHARACTER_SET_RESULTS=@OLD_CHARACTER_SET_RESULTS */;
/*!40101 SET COLLATION_CONNECTION=@OLD_COLLATION_CONNECTION */;
